city,locality,hospital_km,school_km,mall_km,station_km,accessibility_score,accessibility_available
Mumbai,Goregaon East,0.35321717764539,0.5439759636589009,0.4256305868203393,0.3715534162452644,9.31,1
Mumbai,Powai,0.3666167410467933,0.1452459925836258,0.2319534236805407,2.3164263519828605,8.8,1
Mumbai,Mira Road,0.0,0.4913627799316527,0.3328707334741506,0.3004106099883282,9.59,1
Bangalore,Jakkur,1.432061101139504,0.4337927815670417,1.98635148754938,3.367988899183026,7.36,1
New Delhi,Chittaranjan Park,0.3331141050417082,0.1113995090699318,1.999377893888268,0.9308260621154144,9.1,1
New Delhi,Soami Nagar South,0.9356941238916172,0.144019460670723,1.2878620798407592,0.3242727207027984,9.05,1
Bangalore,Indira Nagar,0.4497765300568084,0.0557639322031588,2.0259516039171097,0.5937326676751667,9.18,1
Bangalore,Whitefield,0.1704819617390832,0.1563067297755952,2.528221262419863,0.0,9.44,1
Mumbai,Bandra East,0.3537015729833266,0.132265539120177,0.908773870091358,0.523473673114576,9.39,1
Mumbai,Jogeshwari Vikhroli Link Road,0.04785149683274,0.8178215290946956,2.875608342717038,0.5967812188907878,8.91,1
New Delhi,Jyoti Nagar East,0.3514950317512518,0.2198506510305381,0.5074700586797471,0.7904447118307211,9.31,1
New Delhi,Madanpur Khadar Village,0.4731735886372921,0.3447997877477552,1.9908699741107072,0.738340545660362,8.88,0
Bangalore,C V Raman Nagar,0.8500916316478097,0.1223458523622451,0.8659986981376396,1.2660926746386223,8.82,1
Bangalore,Balagere,1.7103394245180557,0.7560722395643005,1.926591298914078,4.146220381040886,6.75,1
Mumbai,Wadala West,0.2408340640442167,0.4298765532260596,1.2079963317886984,0.4911174675273269,9.22,0
Bangalore,MedaHalli,1.0953408142810437,0.6415717402508438,4.301166451997306,4.24168345333544,6.79,1
Bangalore,Harsha Layout,9.271884569872054,9.172762252546066,14.205775512642884,11.238922425449603,0.0,1
Bangalore,Frazer Town,0.1092782628730101,0.176168768376134,1.6940496854280398,0.6425769753949809,9.35,1
Bangalore,Budigere,10.615680155267086,10.805338711799312,11.790310815599495,15.951285122443217,0.0,1
New Delhi,Chhattarpur,0.4286893791667134,0.1593170032060808,4.340474672090711,0.8474213789262682,8.69,1
Mumbai,Dindoshi - Malad East,0.2272790928691292,0.3116547859988635,0.5720159708343504,0.8589249576253312,9.3,1
Bangalore,Kasavanahalli,0.3400513860209599,0.2595038553948253,1.905358202030276,3.559602210911644,8.05,1
Bangalore,Marathahalli,0.1901132738847156,0.2232895271804488,0.1610358273600157,3.06017276985153,8.6,1
Bangalore,Hebbal,0.4043546327447866,0.6642572472791183,1.217993810709595,0.7787706830077218,8.95,1
Mumbai,Bandra West,0.3501910521378273,0.2071163852280848,2.2265436909111185,1.110702710161856,8.94,1
New Delhi,Mahipalpur,1.539127459550745,1.5907793739109266,2.698193260852362,0.9118395287741126,7.53,1
Bangalore,Sahakara Nagar,0.7868942863346207,0.3418140696226816,1.4760893906675177,2.2801353376655444,8.28,1
New Delhi,Pitampura,0.1303120811754022,0.3447997877477552,0.0189558415326565,1.0674102308586475,9.35,1
Mumbai,Borivali East,0.2992280104752015,0.505481356668402,0.6055176221870302,0.2544637542927401,9.38,1
Bangalore,Hennur,0.0449268829158821,0.1488654026203385,2.3862629012696104,3.6424883780840656,8.17,1
Mumbai,Andheri West,0.1129197300973566,0.4829356623723065,1.4591613594684265,1.1416867987833448,9.04,1
Mumbai,Kalbadevi,0.5092702030207119,0.5710031012900295,0.6089793216389424,0.3349332628486512,9.19,1
Bangalore,Electronic City,2.397699995728471,1.1237423655694403,5.249130907161924,1.980021983833783,6.47,1
Mumbai,Lokhandwala Township Kandivali East,0.2408340640442167,0.4298765532260596,1.2079963317886984,0.4911174675273269,9.22,0
Bangalore,Hulimavu,0.7976727307631968,0.0268069325150571,0.7998381998516205,4.107941236794239,7.85,1
New Delhi,Freedom Fighters Enclave,0.2749793156746323,0.3686745329348486,2.798347530881149,1.253881453254882,8.76,1
Bangalore,Sarjapur Road,0.3599124015497667,0.5763155133943472,2.335939623841317,2.5112438650184283,8.2,1
Bangalore,Begur Road,0.1333041045966954,0.0746376832989718,1.9263956709243315,0.5357829376895618,9.39,1
Mumbai,Mulund East,0.1536131789981267,0.3564752630778612,1.5155192493627738,0.4927141162401404,9.32,1
Bangalore,Neeladri Nagar,3.192956830311065,1.8812590657972617,6.05380683927226,2.715483842503758,5.22,1
Mumbai,Deonar Chembur,0.3587244536631363,0.3341805090523022,2.7679902029239347,0.4270182016410299,9.04,1
New Delhi,Commonwealth Games Village,1.5195610036583165,1.11269388948299,3.072967796290872,0.9980880740094586,7.7,1
New Delhi,Block C Dashrath Puri,0.4731735886372921,0.3447997877477552,1.9908699741107072,0.738340545660362,8.88,0
Mumbai,Jogeshwari East,0.2664540754518073,0.9645162899816566,2.3719164639265804,0.003059760183934,9.0,1
Bangalore,Rajarajeshwari Nagar,0.1252577463315813,0.3066921127769993,0.9440930649526106,0.9509242598733392,9.27,1
Bangalore,Hoodi,1.0653428069147843,0.0943112100165539,1.1782098815412991,1.170258423170632,8.7,1
Bangalore,HAL 3rd Stage,0.2627157590387508,0.2293954668217485,1.6277353441602702,1.4225059254303365,8.95,1
New Delhi,Ganesh Nagar,0.6584036020724789,0.3793010257270287,1.3511449045434325,0.9669041430821678,8.85,1
Bangalore,State Highway 104,0.6195807892985611,0.1237851483525492,1.79216063273075,0.2481011787426628,9.2,1
Bangalore,Manyata Tech Park,0.8333923499828897,0.7041712253271469,3.00225323311804,3.8288994759120407,7.26,1
New Delhi,Sector 6 Dwarka,0.2694403843804963,0.2349439062217333,2.0881235898119828,1.6443532188048142,8.79,1
Mumbai,Sion,0.3055258991857691,0.50011995508494,1.523521076622406,0.0,9.34,1
Bangalore,Thanisandra Main Road,0.5192315896537615,0.30546035771091,3.6008147844159133,4.262521268705035,7.4,1
New Delhi,Nawada,0.1877994705803109,0.7269716779270871,2.162073035273952,0.0,9.2,1
Mumbai,Liberty Garden,0.1452287197787224,0.0825802862999746,0.7145116088462935,0.660922507706626,9.52,1
Mumbai,Neelam Nagar,0.329697862351324,0.2408377056536245,1.4156991153941654,0.926662145509212,9.12,1
Mumbai,Napean Sea Road,0.0326294908253264,0.2325273046044415,0.5148836025706006,0.8713619017966916,9.46,1
Bangalore,PNS Layout,0.6030228161208316,0.5413862039745552,0.9434113044077892,2.4925028912631526,8.29,1
Mumbai,Borivali West,0.0,0.3715634164112058,0.7239716127742452,0.6820197865416082,9.45,1
Mumbai,Khar West,0.1030442083718698,0.5264384002095558,2.859958251735819,1.091278734698894,8.84,1
New Delhi,Lok Nayak Puram,0.9406935549972872,3.082099041581478,6.526880319925999,2.3142487994620424,6.05,1
Mumbai,Pali Hill,0.5343343187840629,0.1289890411054263,2.8030486534985246,1.4163501257502595,8.66,1
New Delhi,Mohan Garden Uttam Nagar,0.4731735886372921,0.3447997877477552,1.9908699741107072,0.738340545660362,8.88,0
Mumbai,Malabar Hill,0.4338478599806665,0.4803946907136948,1.246820596591501,1.4318827607533862,8.78,1
New Delhi,Sector 19 Dwarka,1.4414297064396224,0.3863143384989236,1.5482318232821377,1.563685496320664,8.12,1
New Delhi,Chhatarpur Extension,0.6512494807605598,0.2780603862433826,4.707920889750491,0.5278909898737603,8.57,1
Mumbai,New Golden Nest Road,0.0250805748621582,0.2282048764834013,1.733213584711351,1.5139611439016327,9.04,1
New Delhi,Ber Sarai,0.9302968887061492,0.4914925584671659,1.85113082145089,0.450185328107928,8.75,1
Mumbai,JVPD Scheme,0.2274407702429193,0.2442703106297635,2.0086899990074065,1.8996340281995303,8.73,1
New Delhi,Mahendra Park,0.4223904544029411,0.1670646616951041,2.185255363913159,0.5762448360582131,9.12,1
New Delhi,Sagarpur West,0.7340782509504252,0.8297112252618001,3.579886348493732,0.2765521932054801,8.5,1
Bangalore,Block 1st Koramangala,0.1001435349056009,0.0700304780081251,1.63788515212367,2.013687810572566,8.9,1
Bangalore,Sampigehalli,0.6635572120380213,0.1142835821283297,1.602537009066302,4.861698982802734,7.48,1
Mumbai,Vasai East,0.522486059702018,1.3235743000721376,2.291350792142135,1.7830469583254842,8.01,1
Bangalore,Indira nagar Stage 2,0.4497765300568084,0.0557639322031588,2.0259516039171097,0.5937326676751667,9.18,1
New Delhi,Sector 9 Dwarka,1.0807394654876503,0.8649914826633153,2.343781090440934,0.5195976545743222,8.37,1
Mumbai,Chembur,0.1324740122848941,0.2288816404198334,3.016377458817694,0.4573381699036092,9.18,1
New Delhi,Rajouri Garden,0.0,0.701761268201711,0.1991027403650488,0.2298882431439071,9.53,1
Bangalore,Gottigere,0.2313759760325853,0.2086523042223153,2.3009310466206125,4.5150613776006,7.72,1
Bangalore,ITPL,0.5821178358130313,0.5999051594716505,0.2982547911454146,0.3347014922037721,9.18,1
Mumbai,Matunga West,0.072189811774089,0.3659655993003727,0.9970836042228892,0.5556073092979976,9.42,1
New Delhi,Sant Nagar East of Kailash,0.6570071094552099,0.257952475358947,1.3685172021469774,0.5129857741245589,9.08,1
New Delhi,Ashok Vihar,0.4226935052232438,0.3122895517823968,2.0966816034705333,1.3287018215974584,8.78,1
Mumbai,Grant Road East,0.2231368925206568,0.4075347707489975,1.3990855232734216,0.7857029554471229,9.16,1
New Delhi,Vasant Vihar,0.933886121719734,0.5055926339839965,2.408019368586791,0.863157190963855,8.5,1
Bangalore,Yelahanka,0.0830814794230217,0.734566074414034,0.7232027947123739,0.6796692013588095,9.22,1
New Delhi,Indraprastha,0.2528090417612329,0.3634392085154481,2.392392094607393,1.1834660464340938,8.86,1
Mumbai,Lower Parel,0.397092494479618,0.2372375243903109,0.5407974369738558,0.0,9.56,1
New Delhi,Pushpanjali Enclave,0.3071726551344402,0.3446531633796921,0.3580604630962127,0.6640070887103063,9.34,1
Mumbai,Amar Nagar Mulund West,0.1915805616231952,0.4021624695669403,0.5381358251471168,2.121233813548945,8.81,1
New Delhi,Shastri Nagar,1.0465941393484872,0.5844581606868258,1.6312767853407857,1.617786705524239,8.23,1
Mumbai,Wadala East,0.2294557570299359,0.223622976717164,1.5806064913801332,0.4680682794995166,9.34,1
Bangalore,Domlur,0.401882084790051,0.3873899384069647,2.045740512559476,1.7648972985090154,8.6,1
New Delhi,Sector 14 Dwarka,0.0162883194494503,0.0991256486608406,4.310811893326064,0.4858790446838388,9.11,1
New Delhi,Kundan Nagar,0.4424445465518729,0.7635527381428933,2.725491951427669,0.6687935073373875,8.69,1
New Delhi,Sector 23 Dwarka,0.0162883194494503,0.0991256486608406,4.310811893326064,0.4858790446838388,9.11,1
New Delhi,Karol Bagh,0.5526183555394045,0.3312653962837843,2.934253756443688,1.1295254760855005,8.64,1
Mumbai,Goregaon West,0.2408340640442167,0.6793249554684624,0.4910555745201865,0.6715034945077655,9.19,1
Bangalore,Harlur,0.1502022842627093,0.8951710694795152,2.26033459756625,3.295827610065228,7.89,1
New Delhi,Madhu Vihar,0.5721812697155242,0.1520427304150958,1.749299567105784,0.7716405367156783,9.03,1
Bangalore,MKS Layout,1.0557848250140338,0.1642752215781759,1.286373867826263,1.2069557205283608,8.64,1
Bangalore,BTM Layout Stage 2,0.2101859951573819,0.1536912461217031,0.2012678628660736,0.3711503072046599,9.63,1
Mumbai,Bhandup,0.1323276477585747,0.7189130058559688,0.6612878171880802,0.0,9.46,1
Bangalore,Tumkur Road,0.2125306939330578,0.3235384626211388,0.5149425165837747,0.3055734422013997,9.52,1
Bangalore,Nagdevanahalli,0.3599124015497667,0.3190461838306101,1.9421877378850636,1.980021983833783,8.6,0
Bangalore,BTM Layout,0.2101859951573819,0.1536912461217031,0.2012678628660736,0.3711503072046599,9.63,1
New Delhi,Malviya Nagar,0.2303158721806706,0.0344262543527289,0.8142361711043421,0.9197822215693806,9.38,1
Bangalore,Horamavu,0.120424240655163,0.3959941966938711,0.3752179480127398,1.7447138276429943,9.02,1
New Delhi,Burari,1.4446552283709029,1.9899040784920656,4.952354036623815,2.65589685987618,6.4,1
Bangalore,Hoskote,3.267034296365453,3.008161157272216,5.70017150207327,3.9415956328200368,4.2,1
Bangalore,Phase 5 JP Nagar,0.2569780469472153,0.1603554607187032,0.9687678516090128,0.8416428622460974,9.3,1
New Delhi,Safdarjung Development Area,0.2136612089776596,0.0869215716889201,0.5608428373290809,0.5115487639773858,9.55,1
Mumbai,Andheri East,0.4226134615720751,0.5845292494966973,2.965773668909623,0.1824236172426098,8.94,1
Bangalore,Bagalur Main Road,3.9017522324866496,4.392199206171338,5.763741239149275,8.547021862391388,1.6,1
Bangalore,Phase 8th JP Nagar,0.2898942215319559,0.0956369140683169,0.62518531590521,0.8784398101895525,9.36,1
New Delhi,Patel Nagar,1.5328718436455686,4.136246493292475e-06,3.75219627973086,0.6406784992564091,8.28,1
New Delhi,Sector 11 Dwarka,0.5299531814690632,0.5625898216384658,1.3795716493183008,0.767749545054244,8.91,1
Mumbai,Kandivali West,0.6185926799935867,0.9657160091432834,0.7772485834081228,0.0018223831541464,9.03,1
Mumbai,Seven Bungalows,0.0904734329309183,0.393330411666341,0.6972874623725811,0.0545245445498594,9.62,1
Bangalore,Thanisandra,0.2447294213109254,0.4103636515912949,3.70079754450436,5.031306586511205,7.21,1
Bangalore,Ashok Nagar,0.2563583343621026,0.128303643793398,0.0808208923927114,0.7270802469869865,9.5,1
Mumbai,Kandivali East,0.301082508041639,0.4738252146826577,0.3688728238977737,0.1748966917593484,9.46,1
Mumbai,Santacruz East,0.0919010921766806,0.010649473659503,3.0229707941406447,0.8716790858809191,9.16,1
Bangalore,HSR Layout,0.359615347050435,0.3759616909590133,2.300936937163328,1.3318977277826745,8.75,1
New Delhi,Defence Colony,0.3976472549878455,0.0817090978227056,2.5002894229788875,0.3389310988048856,9.22,1
Bangalore,Byrathi,2.2329839738120683,0.8515074282676199,3.2782953542709063,5.218494191521802,5.79,1
New Delhi,Shalimar bagh,0.1141919569426333,0.5064666045929472,1.2826623526004934,0.5600836661749143,9.28,1
Bangalore,1A Block Koramangala,0.1630895166978534,0.311523414729359,0.561326062417624,2.039824504475565,8.9,1
New Delhi,Moti Nagar,1.0343788809659389,0.2532908732940797,0.6296079704129647,0.346744783318982,9.03,1
Mumbai,Samata Nagar Thakur Village,0.4931657952223403,0.81114512797603,0.6043767108481316,0.7568560754195954,8.92,1
Bangalore,Bommasandra,6.864455629185167,6.031116035298404,9.463571576105876,6.3128517345872055,0.71,1
Mumbai,Four Bungalows,0.0560463097484959,0.2260880347615546,0.2566230162530137,0.4677801444054206,9.64,1
Bangalore,Avalahalli,0.2789323249386903,0.2644102648320696,1.8265151144370555,0.8015911900928311,9.13,1
Bangalore,Banaswadi,0.0699185187705812,0.320440745045583,2.092601189528628,1.214720789957619,9.03,1
Bangalore,Jalahalli West,0.8208600463643076,0.3157035982551943,3.7261057378272695,0.7793485046499664,8.5,1
New Delhi,Sector 8 Dwarka,0.0162883194494503,0.0991256486608406,4.310811893326064,0.4858790446838388,9.11,1
Mumbai,Malad East,0.1973381910588061,0.2211403815059412,0.534065533165992,0.2655974830074144,9.59,1
New Delhi,Uttam Nagar,0.6524999496308165,0.1558612166532993,2.2033393840028865,1.6499858454421252,8.58,1
New Delhi,Sat Bari,0.4731735886372921,0.3447997877477552,1.9908699741107072,0.738340545660362,8.88,0
New Delhi,Connaught Place,0.2389063338077398,0.9932372659692617,3.1141993358232565,0.1043682743070184,8.85,1
Mumbai,Govind Nagar Bhandup West,0.4064126030845897,0.378220137838745,0.6896300064033589,1.6512708033249603,8.84,1
Bangalore,Palanahalli Road,0.4080964067390698,0.5501032271118476,3.483786021742039,3.035651516120875,7.82,1
New Delhi,New Rajendra Nagar,0.8424594554074035,0.140190491825472,4.07528060384409,0.7978792332521665,8.51,1
New Delhi,Mukherjee Nagar,1.34247265160003,0.3344337354241198,3.675996227891909,1.2987138873665771,7.99,1
New Delhi,Safdarjung Enclave,0.2326151085317742,0.2006826404058657,1.818921762582096,0.7411350773662803,9.21,1
Mumbai,Vikhroli East,0.1749236876879647,0.0845353746204595,1.019125112200593,1.01670257174431,9.32,1
Bangalore,Doddakannelli,1.23889818727994,0.382440074515699,2.548352247953384,1.423118943666819,8.15,1
Bangalore,Kaggadasapura,0.5937614325723607,0.2499988428028787,1.769107612304475,1.8249696682092305,8.57,1
Mumbai,Worli,0.5099287971874605,0.1424951709171839,1.7608170823122549,0.3783431681223597,9.22,1
Mumbai,Virar West,0.2032033536473266,0.6052292352514392,1.71135304154713,0.6672617599971539,9.07,1
New Delhi,Kalkaji,0.3932489724263012,0.254938841247178,1.341304034886757,0.4452632898615707,9.27,1
Mumbai,Bhandup West,0.0635562719524958,0.3397346371448581,0.5638492487020943,0.5511515630610654,9.5,1
New Delhi,St Nagar Burari,0.2693497946466209,1.9415546043958931,4.268371906325736,1.0488377088564067,7.83,1
New Delhi,Sector 14 Rohini,0.2961400170693483,0.3988272715268586,0.0395125616706365,0.840444189549692,9.3,1
New Delhi,Neb Sarai,0.4745622902287778,0.3860544272746171,2.9840304077755246,1.6872755724291135,8.44,1
Bangalore,Kaval Byrasandra,0.2754783053835991,0.9298974643001784,3.289620381025413,2.317069771910587,8.01,1
Bangalore,Kammanahalli,0.2618938016084972,0.3745690184840827,1.6478318579787277,1.4819335350720984,8.85,1
Bangalore,Vinayak Nagar,0.3599124015497667,0.3190461838306101,1.9421877378850636,1.980021983833783,8.6,0
New Delhi,Kirti Nagar,0.7263076475422331,0.2662137832400278,0.8949374955137926,0.8845187731557614,8.97,1
Bangalore,Sunkadakatte,0.1202447529346819,0.9479087456560632,5.876530138867554,4.666659652881714,6.82,1
Mumbai,Mahim West,0.1451769150974663,0.1090671381619668,1.6103479181273483,0.4157357152747626,9.46,1
Mumbai,Magathane,0.2233072882133482,0.7261294028968582,0.4336189999480525,0.0,9.44,1
New Delhi,Old Rajendra Nagar,0.4731735886372921,0.3447997877477552,1.9908699741107072,0.738340545660362,8.88,0
New Delhi,Kakrola,1.3673890273856464,0.6927647601389467,1.4442602345168871,0.9999330458887864,8.24,1
Bangalore,Electronic City Phase 2,3.2393254493785566,2.811630956573949,5.784607273005868,2.7992997396648267,4.73,1
Bangalore,Anchepalya,0.4132734472034111,2.254907597896246,8.043988718683094,1.628400359309066,6.81,1
Mumbai,Byculla,0.2781504488674786,0.0919655601889044,2.1530428488601494,0.0,9.46,1
Mumbai,Ekta Nagar Kandivali West,0.5178930664772635,1.0316297913541594,0.953980905799684,0.1905290347569119,8.96,1
Mumbai,Chincholi Phatak,0.2408340640442167,0.4298765532260596,1.2079963317886984,0.4911174675273269,9.22,0
New Delhi,Haji Colony,0.4731735886372921,0.3447997877477552,1.9908699741107072,0.738340545660362,8.88,0
Bangalore,Choodasandra,1.4308929647001791,1.1964341275491317,2.588592500046716,3.5114732011920715,6.84,1
Bangalore,Prithvi layout,0.7801228953995489,0.2043676503485048,1.073694016005231,1.0102361551287684,8.89,1
Mumbai,Chandivali,0.2543329011974897,0.3600544186869518,1.5088131781750092,0.9323926800192988,9.09,1
New Delhi,Aali Village,0.4731735886372921,0.3447997877477552,1.9908699741107072,0.738340545660362,8.88,0
Bangalore,Bannerghatta Road,0.3732238664116999,0.0821487212343642,0.4647710231429258,3.72106230277785,8.27,1
Mumbai,Naigaon East,0.1281344114459009,0.2320931060317652,0.859444983807562,0.4980320118819383,9.49,1
New Delhi,Dabri,5.607504853873514e-06,0.4104833241295754,2.146499676717052,0.7079558831221527,9.21,1
New Delhi,Jeevan Niketan,0.1363267692701376,0.2151996071869809,3.09148573459806,1.626690566465121,8.74,1
Mumbai,Malad West,0.3004106099883282,0.6688596981671383,0.054012414761823,0.0,9.48,1
Bangalore,Seegehalli,0.0535444098677364,0.4547875466123827,3.1272618963810728,2.965898060531432,8.16,1
Mumbai,Thakur Village,0.4181887179432779,0.6539600574267774,0.3882425070948557,0.754754642394404,9.08,1
Bangalore,Devanahalli,10.599765266791804,10.78966243192457,11.77448484647993,15.93575527764741,0.0,1
New Delhi,Laxmi Nagar,0.9047346583194292,0.993487493803638,1.7310848194157438,0.3719454169742381,8.56,1
New Delhi,Laxmi Vihar Nawada,0.4731735886372921,0.3447997877477552,1.9908699741107072,0.738340545660362,8.88,0
New Delhi,Abul Fazal Enclave Part 1,0.4731735886372921,0.3447997877477552,1.9908699741107072,0.738340545660362,8.88,0
Bangalore,Spice Garden Layout,0.0115600251401041,0.3092241955054552,0.793154045212976,2.364487270878528,8.83,1
New Delhi,Dakshini Pitampura,0.4731735886372921,0.3447997877477552,1.9908699741107072,0.738340545660362,8.88,0
Bangalore,Block 6th Koramangala,0.2105119938535953,0.3458010597935786,0.498466859104597,2.520851400976285,8.68,1
Bangalore,Ex Service Men Colony,0.3599124015497667,0.3190461838306101,1.9421877378850636,1.980021983833783,8.6,0
Bangalore,Mahatma Gandhi Nagar,0.6117922064940509,0.1619980392766324,0.1146554426070754,0.456570036362605,9.36,1
New Delhi,Kotla Mubarakpur,0.1374668554461351,0.1779753154625389,2.7224861142419807,0.7285906703074363,9.15,1
New Delhi,Shanti Niketan,0.5298714497021478,0.3434380246343114,3.621248085655908,0.6723287951249647,8.72,1
Bangalore,Karthik Nagar,0.4941695418741156,0.1647060081208975,1.4066902102640415,1.6136583979610395,8.81,1
Mumbai,Dahisar West,0.1825624498916568,0.1856871077244895,2.240672590164073,0.7023829059000486,9.2,1
Bangalore,Nagavara,0.0580632979552528,0.500287547655921,3.517501060622178,3.5510659927031627,7.86,1
Bangalore,Sector 2 HSR Layout,0.236910905348057,0.2920472164829238,1.9464888000236733,2.419402663009729,8.51,1
Bangalore,Abbigere,0.9422459718449008,1.0267381443099182,6.53156072425204,2.0882758854478416,7.16,1
New Delhi,Sector 4 Dwarka,1.0807394654876503,0.8649914826633153,2.343781090440934,0.5195976545743222,8.37,1
Mumbai,JB Nagar,0.1519722600490978,0.2468341183329881,3.488019759994605,0.5243380981613872,9.07,1
Bangalore,Manyata Residency,0.9713855730067612,0.5752510005569861,3.224148208340287,4.158708790108173,7.09,1
Mumbai,Jayprakash Nagar,0.3191484888971167,0.1109671215624035,0.8879070842261763,0.5117525045136322,9.43,1
New Delhi,Kapashera,0.3955265499350702,2.7666447899589253,2.7841622436839124,3.2148648355845757,6.76,1
Mumbai,Dattapada,0.0818364055663665,0.3313052948833955,0.363540880712805,0.5137180177583783,9.54,1
Bangalore,RT Nagar,0.1671682937071466,0.3190461838306101,2.6094040304091477,2.431509013331456,8.44,1
New Delhi,Arjan Garh,5.455861327744103,0.8774680795085228,4.048170807929865,0.0029740245924064,5.95,1
Bangalore,Akshya Nagar,0.6855071141705444,0.5450954489673665,4.892855923584479,3.4792989354000934,7.28,1
New Delhi,South Extension 1,0.16777835680871,0.4532989319670028,2.49022073086825,0.0759727114541198,9.27,1
Bangalore,Mahadevapura,0.7221294522691918,0.3521818536199942,0.302491841952292,0.0,9.35,1
Mumbai,Vile Parle East,0.1201859553202801,0.4489472576207745,2.331519769918615,1.3456242481018157,8.85,1
Mumbai,Parel,0.1819152314992899,0.4401949759664252,1.6484570796199725,0.4943759945253842,9.24,1
New Delhi,Dwarka Mor,0.3165697748678498,0.7896274632854352,2.058159524671723,0.0,9.11,1
New Delhi,Block 32 East Patel Nagar,0.3753536111787911,0.3653109325846226,2.7041781011864874,0.3282732562616379,9.06,1
Bangalore,Gunjur Balagere Road,1.1783271020709385,0.8507763301691694,1.425664112930499,3.737242179441106,7.25,1
New Delhi,Mehrauli,0.2650000671273638,0.1108502037200244,3.081764612130577,1.266844695118197,8.85,1
New Delhi,Nathu Colony,0.0459541464133286,0.703013511612787,0.6356936630955893,1.6045924210877474,8.92,1
Bangalore,Banashankari Stage 1,0.5084528581404101,0.111328166297199,3.4226913663490204,2.312580060733246,8.26,1
Mumbai,Chunabhatti,0.3925205756930282,1.2419779894167022,1.7499599670239554,0.1804273455606822,8.81,1
New Delhi,Surajmal Vihar,0.2601646635261605,0.3609387107125292,0.6533491141900684,1.2830924499211658,9.08,1
Mumbai,Rambaug Powai,0.2408340640442167,0.4298765532260596,1.2079963317886984,0.4911174675273269,9.22,0
Mumbai,Khar Danda,0.890134966007008,0.344151928339089,3.7075003101949946,1.82402678653602,8.05,1
New Delhi,Block F Palam Extension,7.55277648512436,4.121142167991509,8.140164685133328,6.264078683311558,1.37,1
New Delhi,Trilokpuri,0.7977040070753121,0.1135576860809861,1.4414852488445573,0.7760619241729183,8.96,1
Mumbai,Mahavir Nagar Kandivali West,0.1745053760839121,0.8284718905280549,1.1675379030030308,0.5383427888540439,9.1,1
New Delhi,Aya Nagar,5.905294523895013,0.0653939806269537,5.149990311776524,1.1031488234267752,5.78,1
Mumbai,Film City Road,0.7880803675595379,1.121918108843929,2.454200781138718,2.4671177731863434,7.67,1
Mumbai,Wadala,0.8090443499799569,0.802967465343449,3.5970555555045136,0.2859530512276697,8.47,1
Bangalore,Benson Town,0.3222167479364909,0.6101024608594031,1.8155849706952296,0.7377009613573086,8.95,1
Mumbai,Prabhadevi,0.0545626397108967,0.1650452555921579,0.6757177648792493,0.3313388051495158,9.66,1
Bangalore,Dollars Colony,0.5582313332977911,0.2488098980937759,1.5229152413546398,0.5633905941081632,9.1,1
New Delhi,Krishna Nagar,1.172169475973463,0.0969833573440995,0.9021039713509624,0.2978848916959715,9.0,1
New Delhi,Tilak Nagar,0.2519362476037851,0.2888282393286828,1.1529014573552523,0.0,9.53,1
Mumbai,Royal Palms Estate,1.3086204070743563,1.034879592422017,3.5021565801804813,2.610705215345744,7.19,1
Bangalore,Bellandur,0.1078136529946674,0.5464744589194722,1.164652338730037,3.602148811992647,8.14,1
Bangalore,Varthur,0.0794639042367177,0.0623381832601211,0.8414954920187205,4.66393620139883,8.05,1
Bangalore,BEML Layout-Brookefield,0.1391322625766752,0.1027085077850481,0.361449016028139,1.8356315941119263,9.12,1
Bangalore,Haralur Main Road,0.3599124015497667,0.3190461838306101,1.9421877378850636,1.980021983833783,8.6,0
Bangalore,Kempapura Agrahara,0.5045546414310158,0.7835592296606347,0.512378574924875,0.5570044667508048,9.02,1
Bangalore,Brookefield,0.1852259477886035,0.3008876731730684,0.0990484451783332,1.400994353610556,9.2,1
Mumbai,Juhu Versova Link Road,0.1568246814952644,0.3427374906213028,0.8299582855626382,0.8500344879206994,9.29,1
Mumbai,Kurla,0.3227112917649871,0.2859739885808363,1.9585599227202928,0.0,9.37,1
New Delhi,Vikaspuri,0.1972604343690126,6.381278374628679e-06,0.7452164681417929,1.1383823831284057,9.34,1
New Delhi,Sector 24 Rohini,2.030838725752458,0.3695808172272311,2.676570654229168,2.2531687369027487,7.35,1
Bangalore,Muthanallur,3.928192128431563,3.3212902447487163,3.6855836161711375,4.213451282307247,3.85,1
Mumbai,Cuffe Parade,1.2187393377132474,0.2310209208434689,0.5283547154678567,0.0943133647509529,9.04,1
Bangalore,Phase 7 JP Nagar,0.2569780469472153,0.1603554607187032,0.9687678516090128,0.8416428622460974,9.3,1
New Delhi,Sector 9 Rohini,0.3566870734110146,0.5139704375459428,0.2791458277179382,0.2842365388999996,9.38,1
New Delhi,Chirag Delhi,0.6150756318104238,0.626480082522235,1.250072873151422,0.3965104367488616,8.98,1
Bangalore,Gummanahalli,6.51123220005678,7.052637949364153,7.964420491872119,11.22764582404764,0.31,1
New Delhi,Kirari Suleman Nagar,0.2574100081379625,2.277276429830517,5.868189904830168,1.5357023187158845,7.25,1
New Delhi,Patel Nagar West,0.0894293861225433,0.3176041013636113,0.2286667922178784,0.048668114469307,9.73,1
New Delhi,Mahavir Enclave Part 1,0.7057477672287624,0.2639760337333345,3.153585887249382,0.3884261509978167,8.83,1
Mumbai,Shiv Kutir,0.7211960762394874,0.0600457791771866,1.2603789968551191,1.1288842868706106,8.92,1
New Delhi,Lajpat Nagar,0.8599405189973821,0.4369164171302017,3.504766183172761,0.15375481598891,8.68,1
Bangalore,Bangalore Shivamogga Road,0.3599124015497667,0.3190461838306101,1.9421877378850636,1.980021983833783,8.6,0
Bangalore,Srinagar,0.5927487068052405,0.8793205511596708,1.1316000343627397,1.620169158005346,8.43,1
New Delhi,Sector 23 Rohini,2.030838725752458,0.3695808172272311,2.676570654229168,2.2531687369027487,7.35,1
New Delhi,Kalyan Vihar,0.6414808175223998,0.3952581160454478,1.3851498289470576,1.1480938353618846,8.78,1
New Delhi,Sainik Nagar,0.3014821394835192,0.6074201854024467,1.9085454507073485,0.3651726896352547,9.09,1
New Delhi,Prem Nagar 3,0.6300107605293894,0.1771792520683859,2.877442575443067,0.292081742779867,8.99,1
Bangalore,Hongasandra,0.2491370604965134,0.2093152762964266,2.720470309394849,0.4953819048445706,9.15,1
Mumbai,Vazira Naka Borivali West,0.2408340640442167,0.4298765532260596,1.2079963317886984,0.4911174675273269,9.22,0
Mumbai,Shastri Nagar Mitha Nagar,0.2408340640442167,0.4298765532260596,1.2079963317886984,0.4911174675273269,9.22,0
Bangalore,Yelahanka New Town,0.1883122042555876,0.0723477184264776,0.2899703395275761,1.409097199289567,9.28,1
Mumbai,Naigaon East Vasai Link Road,2.3270258661180727,2.8803120077763182,6.033519402077584,2.7223084167458795,5.24,1
Bangalore,Kudlu,0.5476731439523684,0.5817857621450365,0.7156356049614573,1.4703507781975242,8.72,1
Mumbai,Vasai West,0.1781770888908702,2.1029619637160435,4.220348486892129,0.4089785017562592,8.06,1
Bangalore,Sathya Sai Layout,0.4292087141682194,0.4712248473389456,2.695645475466957,2.825811476270964,8.04,1
Bangalore,Sector 3 HSR Layout,0.1879484098895224,0.2275957345434022,2.1334259505169237,1.605245883166214,8.85,1
New Delhi,DDA,1.2953991283792214,0.1182019210847002,2.4840137194358536,0.8410999631933826,8.48,1
Mumbai,Naigaon Palghar,0.6772379166084804,1.2458116245160662,6.07477182218194,0.0,8.06,1
Mumbai,Virar,0.2408340640442167,0.4298765532260596,1.2079963317886984,0.4911174675273269,9.22,0
Mumbai,Santacruz West,0.1415980656903043,0.1561603062012807,3.714950367770189,0.5680916279787186,9.07,1
Mumbai,Mulund West,0.0343081177599141,0.1866308236358046,1.2228513258438376,0.5196177165385929,9.51,1
New Delhi,Indira Vihar,0.3165759699203807,1.1839201737468037,2.837348600152139,0.2977015669094907,8.68,1
Bangalore,Annasandrapalya Extension,0.3599124015497667,0.3190461838306101,1.9421877378850636,1.980021983833783,8.6,0
New Delhi,Sector 2 Rohini,0.3404398360072742,0.0655144438074206,1.4785360161394552,1.7231218216885087,8.9,1
Bangalore,Sector 5 HSR Layout,0.1770409518759799,0.1763848977520215,1.6695345607099188,1.2441143316958874,9.09,1
Bangalore,Devinagar,1.1476637177099305,0.4271391725513267,2.1303545738082725,0.967772642299818,8.42,1
New Delhi,Sector 13 Rohini,0.7440202853419565,0.6181527131737414,0.6550998995159883,0.6812235769023635,8.89,1
Mumbai,Nala Sopara,0.1482051206952328,0.961126108391769,0.6288760131660726,0.2897207486331471,9.23,1
Mumbai,Dadar West,0.0375862741832939,0.1988606267404768,0.4118151594158409,0.1089481320730076,9.78,1
New Delhi,Block F Karam Pura,0.4731735886372921,0.3447997877477552,1.9908699741107072,0.738340545660362,8.88,0
Bangalore,Upkar Layout Whitefield,0.3599124015497667,0.3190461838306101,1.9421877378850636,1.980021983833783,8.6,0
Bangalore,Koramangala,0.2033268922704771,0.2675301491638186,0.5007056724304838,2.1637211864478925,8.86,1
New Delhi,South Extension,0.2431990488179149,0.4213684895747924,2.4529615991379377,0.0,9.28,1
New Delhi,GK I,0.1949346745846847,0.3460328470573142,0.0,0.8329053454128048,9.4,1
New Delhi,Sarita Vihar,0.2174855074347934,0.2517148447205067,3.494452870500228,0.738340545660362,8.94,1
Bangalore,Attibele,16.075507165584835,15.227942256873714,16.614849273331306,15.733749570418908,0.0,1
Mumbai,Kalachauki,0.2408340640442167,0.4298765532260596,1.2079963317886984,0.4911174675273269,9.22,0
Bangalore,Sir M Visvesvaraya Inst Road,0.3599124015497667,0.3190461838306101,1.9421877378850636,1.980021983833783,8.6,0
New Delhi,Mahaveer Nagar,0.4731735886372921,0.3447997877477552,1.9908699741107072,0.738340545660362,8.88,0
Mumbai,Rajendra Nagar,0.197276867052798,0.7743423607460546,0.5954900854178408,0.8980470438882414,9.07,1
Bangalore,Vyalikaval HBCS Layout,0.3599124015497667,0.3190461838306101,1.9421877378850636,1.980021983833783,8.6,0
New Delhi,Sector 15 Dwarka,0.0162883194494503,0.0991256486608406,4.310811893326064,0.4858790446838388,9.11,1
New Delhi,Chander Vihar,0.3635725435351975,0.7834839468232191,2.3069565760381865,1.9132922888281008,8.33,1
Bangalore,KR Puram,0.1398800469579974,0.4642267648469274,1.1762107608663324,1.26880110545434,9.03,1
Bangalore,Naganathapura,1.011866280600071,0.3727233277461763,2.44035999477638,1.653424622497172,8.22,1
Bangalore,Rachenahalli Main Road,1.073109333311545,0.3401287473845952,3.3171570077665704,4.301097726483622,7.08,1
Bangalore,Kanakapura Road,0.3159038482588618,0.127114478519724,0.0911162897876212,0.0262231721172244,9.72,1
New Delhi,East Of Kailash,0.6570071094552099,0.257952475358947,1.3685172021469774,0.5129857741245589,9.08,1
Bangalore,Bidare Agrahara,3.4631379456869524,3.1341044240733584,5.08835291378402,4.248065563008694,4.0,1
Mumbai,Pedder Road,0.1516112032280838,0.1949943619639133,0.5627270472927728,1.0384538097772933,9.34,1
Bangalore,Banashankari,0.5084528581404101,0.111328166297199,3.4226913663490204,2.312580060733246,8.26,1
Mumbai,Kanjurmarg,0.6849305360680513,0.4812622907134662,1.2960205605892057,1.2152207673617377,8.7,1
New Delhi,Sarvapriya Vihar,0.0595110640248723,0.4206938402462448,0.7948453746685251,0.2332254001191226,9.55,1
Bangalore,Uttarahalli,0.179722049281255,0.2274676515487236,2.3408144488743643,2.454489141215729,8.51,1
New Delhi,Mansarovar garden,0.6367426868615035,0.5600800370225543,1.1520347772865214,0.7201946852250806,8.9,1
New Delhi,Greater Kailash,0.7960187127286902,0.6118626165453624,0.8329053454128048,0.0,9.09,1
Bangalore,Amruthnagar,0.5479719167042072,0.1537441988139279,1.017514678300547,2.0566262014537045,8.67,1
New Delhi,Sector 17 Rohini,0.1549701213999481,0.2382158405975566,1.2234984824734907,1.6200315326968906,9.0,1
New Delhi,Saket,0.5009042344099219,6.74390596801504e-06,0.94994807277882,0.7683576228795624,9.27,1
New Delhi,Sector 22 Rohini,0.2225981481164582,0.6854323017671679,4.406066377781553,3.8122879594044976,7.43,1
Bangalore,Agrahara Layout,0.2809786656261485,0.3904253475197224,2.503094333939152,3.7732439074823088,7.85,1
New Delhi,Indra Park Extension,0.4731735886372921,0.3447997877477552,1.9908699741107072,0.738340545660362,8.88,0
Bangalore,Hennur Main Road,0.0905819959495352,0.1214061189167253,2.9642132740914597,2.4880551201354213,8.51,1
New Delhi,Friends Colony,0.7317028552970052,0.6332927911741048,3.7792556138817113,0.8377446129789607,8.36,1
Bangalore,Phase 1st JP Nagar,0.1996768703478984,0.0455155394622777,1.3411354137380125,0.9715430783537112,9.29,1
New Delhi,Sector 22 Dwarka,1.7934800420820696,0.3150884237984628,1.0172267906822126,0.6612721393315846,8.37,1
Bangalore,Vidhana Soudha Layout,1.3640504183667863,0.9356123464098762,1.760511518182332,2.4209433887626948,7.54,1
New Delhi,Gujranwala Town,0.4731735886372921,0.3447997877477552,1.9908699741107072,0.738340545660362,8.88,0
New Delhi,Moti Bagh,0.3869709358497925,0.2962825739108472,1.3861645706313743,0.3851585760764959,9.27,1
New Delhi,Nangloi Jat,0.4731735886372921,0.3447997877477552,1.9908699741107072,0.738340545660362,8.88,0
Bangalore,Seegehalli Road,1.2404073221887546,1.019512619312404,4.0228253719589615,1.7881804504682592,7.47,1
New Delhi,Block B4 Safdarjung Enclave,0.2326151085317742,0.2006826404058657,1.818921762582096,0.7411350773662803,9.21,1
New Delhi,Nilothi,0.1972185789847909,0.8618293431958844,2.1355880235784195,2.1733072438993064,8.32,1
Bangalore,Hegde Nagar,0.2177408624689574,0.4570930402542849,1.6824966400011974,5.800066708208354,7.21,1
Bangalore,Yelenahalli,0.9536279910282952,0.4432043912401535,1.838673876451272,4.365088925814435,7.29,1
New Delhi,Sector 7 Dwarka,1.0807394654876503,0.8649914826633153,2.343781090440934,0.5195976545743222,8.37,1
New Delhi,Budh Vihar Phase 2,1.3207035287012985,0.2079182483457525,3.5521417018898243,1.9523276476102407,7.84,1
Bangalore,MCECHS Layout,1.409173984959624,0.4808490959557414,2.712309246107863,4.404218751715026,6.86,1
Mumbai,Kurla West,0.1839252717681302,0.2795693933843602,1.7701968301462867,0.4626364356492984,9.31,1
New Delhi,Rajdhani Park,0.5064905365775452,2.671299747138237,6.078663256194739,0.0,7.45,1
Bangalore,Bommanahalli,0.5045353197647953,0.273679956610407,1.941372211117378,0.8805288528469858,8.94,1
Mumbai,Atur Park,0.0588028219298326,0.2163662463655092,3.249935383686096,0.3303053479207618,9.25,1
Bangalore,Vignan Nagar,0.3599124015497667,0.3190461838306101,1.9421877378850636,1.980021983833783,8.6,0
Bangalore,Bellary Road,0.4271646806299213,0.6372537281827214,1.7346847792417808,1.1295314341168994,8.74,1
Bangalore,Chikkakannalli,1.9392947493164447,1.500958172397642,3.5063448407050424,1.5412168981004433,6.98,1
Mumbai,Bachani Nagar,0.2408340640442167,0.4298765532260596,1.2079963317886984,0.4911174675273269,9.22,0
New Delhi,Sector 13 Dwarka,1.0807394654876503,0.8649914826633153,2.343781090440934,0.5195976545743222,8.37,1
New Delhi,Jorbagh Tri Nagar,0.4731735886372921,0.3447997877477552,1.9908699741107072,0.738340545660362,8.88,0
Mumbai,Citizen Colony,0.2408340640442167,0.4298765532260596,1.2079963317886984,0.4911174675273269,9.22,0
Mumbai,Raheja Vihar,0.4471519780492304,0.7968441119744706,1.0615902041566647,1.6900805877543663,8.54,1
Bangalore,Samethanahalli,3.933338020151894,2.4379653049845578,4.588212854892707,3.697835267903681,4.35,1
New Delhi,Alaknanda,0.4077732710790686,0.0512292169277152,3.217404496124617,2.326719608443115,8.37,1
Bangalore,Chandapura,9.575584175257545,8.90429377487217,12.024413033153268,9.098736792258231,0.0,1
New Delhi,Mundka,0.8011360585995897,3.9047381603066142,6.704591352451652,0.0,6.56,1
Bangalore,Kannamangala,1.5591899576439163,1.26777629201415,4.295571201080331,2.131332772449101,6.99,1
Bangalore,Sathanur,1.2964845165227192,0.1335537861862524,2.642159860769672,4.74419191608602,6.98,1
Bangalore,Lakkasandra Extension,0.3599124015497667,0.3190461838306101,1.9421877378850636,1.980021983833783,8.6,0
New Delhi,Hardev Nagar,0.4731735886372921,0.3447997877477552,1.9908699741107072,0.738340545660362,8.88,0
Mumbai,Kurla East,0.0217672841434183,0.6582297248431955,2.1226427579347544,0.4266567573236895,9.18,1
Bangalore,Manjunatha Nagar Kalkere,0.3599124015497667,0.3190461838306101,1.9421877378850636,1.980021983833783,8.6,0
New Delhi,Kohat Enclave,0.2287831998090284,0.3227412606591224,1.069776072104338,0.0,9.54,1
New Delhi,Hauz Khas Enclave,0.2460510300021848,0.1595862691462009,0.446058327805332,0.682331275066214,9.45,1
New Delhi,Nangloi,0.5655587726351141,1.1622711126202514,5.202331475047895,0.0,8.3,1
New Delhi,GK II,0.4731735886372921,0.3447997877477552,1.9908699741107072,0.738340545660362,8.88,0
New Delhi,Green Park,0.0568015509391123,0.1605033181261825,0.7192625643711353,0.0,9.78,1
Mumbai,Bandra,0.3690066954048115,0.3945310511720712,1.1270666599034178,0.0,9.41,1
Bangalore,Kundalahalli,0.5678960581515913,0.7954223056187074,1.302514382107667,0.0,9.07,1
Bangalore,RHCS Layout,1.3672508672135055,0.5615670105982646,5.2889251569997615,4.360414548003757,6.47,1
New Delhi,Prem Nagar Janakpuri,0.4731735886372921,0.3447997877477552,1.9908699741107072,0.738340545660362,8.88,0
New Delhi,Shivaji Park,0.5133063610499524,0.6088939357702473,2.236980133744095,0.4134011105604695,8.9,1
Bangalore,Bilekahalli,0.279219137790982,0.0700759209107205,0.7385293476874846,1.333926225133688,9.19,1
Bangalore,Defence Enclave,0.9553107691627184,0.5732730821865734,3.296059315059976,5.268307918268785,6.67,1
New Delhi,Transit Camp,1.0463060894754916,0.7151358464693331,1.1438492083483411,0.5575317254238801,8.63,1
Bangalore,Begur Hulimavu Road,0.6208247232808809,0.2386114246673865,2.5368547879498373,2.5918209053077192,8.16,1
New Delhi,Rana Pratap Bagh,0.2143857648147497,0.3819046859728956,1.4331300548024086,1.8073035187426016,8.79,1
Mumbai,Chinchpokli,0.2114453532456024,0.2210652027765486,1.152385736756928,0.0,9.59,1
Mumbai,Orlem,0.0584835317419773,0.1701659289375029,0.8728127372993033,0.6043909003261165,9.52,1
Bangalore,Subs Nagar,0.3599124015497667,0.3190461838306101,1.9421877378850636,1.980021983833783,8.6,0
New Delhi,Sector 1 Dwarka,1.7934800420820696,0.3150884237984628,1.0172267906822126,0.6612721393315846,8.37,1
Bangalore,New International Airport Road,1.5313693193183202,5.5602600756395845e-06,1.5125322454948045,6.871742324654464,6.28,1
New Delhi,Prem Nagar Najafgarh,0.7061007279059023,0.5073076394524231,4.917828990356616,0.8217770704614656,8.28,1
Mumbai,Irani Wadi,0.4101253344501501,0.2895144103073247,0.6949509083207133,0.9593009828617092,9.15,1
New Delhi,Mayur Vihar 1,0.2073583801274602,0.1611017576668314,1.909024218095605,0.6188704222398915,9.28,1
Bangalore,Bannerghatta,0.0694532166311585,0.1925331882912757,0.5610595238591158,2.5097143379577576,8.84,1
New Delhi,Azadpur,0.9961586014697452,0.2864072528663234,2.177373956472528,0.0,8.93,1
Mumbai,Versova,0.1270752878388743,0.4329124081520551,0.7052894225348976,5.578006135516466e-06,9.6,1
New Delhi,Yamuna Vihar,0.5114065279868498,1.0889884653560908,2.278048348374889,0.7767248048649502,8.52,1
New Delhi,Sarita Vihar Pocket H,0.5733216541994391,0.3114510717389185,3.2655603377838056,0.3790141935463152,8.87,1
Mumbai,Amboli,0.284037655034891,0.3475657787375603,1.9955971300180544,0.6185667329974128,9.12,1
Mumbai,Kamgar Nagar Prabhadevi,0.3826266448984492,0.1526656359990608,1.1145033902506016,0.7313265935459636,9.25,1
New Delhi,Badli,0.3562640933913283,0.5812396155574328,1.8309934177152904,0.2254259775676377,9.14,1
New Delhi,Shivaji Nagar,0.5000247852941091,0.3413955437953777,0.1938756965687023,0.1155062616229739,9.46,1
New Delhi,New Moti Nagar,0.1186694385046262,0.1247994732285419,0.6641396131888153,0.653330709803137,9.52,1
Mumbai,Vikhroli West,0.5293851618288723,0.4855102420409348,0.7252214596755208,0.4176306393037292,9.17,1
Bangalore,Lingarajapuram,0.3515182701540294,0.1960762714244636,1.119524547134754,0.4217025499773892,9.36,1
New Delhi,Anand Niketan,0.5330968684344983,0.0650789254043685,3.593509864485135,0.6401084618262037,8.87,1
New Delhi,Greater Kailash Enclave 1,0.912337229840354,0.1407698882091693,1.3158435838626443,0.2951352339739702,9.07,1
Mumbai,Vile Parle West,0.1423814492150797,0.3418066675927093,3.0848312351974405,0.5907799912719437,9.06,1
Bangalore,Kudlu Gate,0.5110188729860861,0.1743176547996745,2.0134569030348426,0.0490216469577706,9.29,1
New Delhi,Siddhartha Enclave,0.4731735886372921,0.3447997877477552,1.9908699741107072,0.738340545660362,8.88,0
Bangalore,Munnekollal,0.3599124015497667,0.3190461838306101,1.9421877378850636,1.980021983833783,8.6,0
Bangalore,Veerannapalya,1.095933503427181,0.4209826900946948,2.2816761130829737,2.934912504526557,7.69,1
New Delhi,Janakpuri,0.1303850921460136,0.4585359290376954,1.4759964751767525,0.830277463488966,9.16,1
Bangalore,Pai Layout Mahadevapura,0.3599124015497667,0.3190461838306101,1.9421877378850636,1.980021983833783,8.6,0
Mumbai,Shastri Nagar Andheri West,0.3807614666407971,0.2225145483704848,0.4237889244342458,0.4106275014647229,9.44,1
Bangalore,Ramamurthy Nagar,0.1005039833012961,0.2286680776777882,2.551029562023219,1.3006790585478976,8.95,1
New Delhi,Sector 11 Rohini,0.553105965081918,0.1282040212736306,0.9202972179117772,1.446431451902528,8.92,1
New Delhi,Gopal Nagar Extension,0.6198966043046797,1.3723766043193608,6.622017547602792,1.5568878281544838,7.36,1
New Delhi,Vikaspuri Block F,0.1972604343690126,6.381278374628679e-06,0.7452164681417929,1.1383823831284057,9.34,1
New Delhi,Janakpuri Block B1,0.246226915311461,0.3638234623854146,1.1570239401592175,0.7253945017321329,9.22,1
Bangalore,Bengaluru Kanakapura Road,0.0783786390347629,0.2647454806326472,2.1211137429680464,0.5256567534921233,9.31,1
New Delhi,Najafgarh,1.9454146482958807,0.7045393696793599,2.230053609228112,0.735943021276897,7.87,1
New Delhi,Narela,2.030838725752458,0.3695808172272311,2.676570654229168,2.2531687369027487,7.35,1
Bangalore,Shanti Nagar,0.0642711026881972,0.2511569081591879,1.9094395360763317,1.6771615902082726,8.92,1
New Delhi,Badarpur,0.6551070423890913,1.278917948110923,2.309642971185052,0.3801353586642585,8.48,1
Bangalore,Rayasandra Main Road,1.5699310609168116,0.3428225537289033,2.723029632414584,2.113657852460654,7.69,1
Bangalore,Nagapura,0.1822131737585515,0.0467958765847605,1.2868650429763755,0.5591997582131413,9.46,1
Mumbai,Bhandup East,0.6708048013124495,0.4298765532260596,0.6645513823602895,0.5687757810108798,9.07,1
Mumbai,Gulshan Nagar,0.3048224445939244,0.3277342361618347,1.039320889308722,0.7864660353916905,9.2,1
New Delhi,Chokhandi,0.4731735886372921,0.3447997877477552,1.9908699741107072,0.738340545660362,8.88,0
New Delhi,Pamposh Enclave,0.1544539480597846,0.2547026616638255,1.0242082570044824,0.5750280727282417,9.41,1
Bangalore,Mico Layout,0.1086383386831127,0.1269521267500352,0.3504493637588763,0.5867431168879438,9.6,1
Mumbai,Central Area,0.1442381558653337,0.1605473361484266,0.5848242323620328,1.1557373404090925,9.31,1
New Delhi,Palam Colony,0.600485680452042,0.9070077503715506,4.083525358407672,0.5563894867427195,8.37,1
Bangalore,Kempapura,0.575807278731723,0.3882844928009552,1.7635302674768942,2.601644364426555,8.22,1
New Delhi,Vigyan Vihar,0.6701216332981973,0.4628524189479291,1.0777298768362094,1.2072241769282694,8.75,1
New Delhi,Dilshad Garden,0.0374992733313882,0.9926523604675896,3.5945915161839515,0.9196421596735028,8.6,1
New Delhi,Jhilmil Colony,0.5182587122626116,0.024465665920191,1.3864156961536331,0.8245920279406308,9.16,1
Mumbai,Siddharth Nagar Goregaon West,0.3710878929522963,0.4603517137328883,0.5387013623322577,0.9788665156449096,9.1,1
New Delhi,Adarsh Nagar,1.074436599852943,0.0,4.484725147349705,1.335582248733035,8.18,1
Bangalore,Sarjapur,0.6278859512831123,0.8552278663339973,1.10136548663606,0.426264853992037,8.87,1
New Delhi,Patparganj,0.2777181711887621,0.230064506002293,2.241387037419358,0.8430642541346307,9.07,1
New Delhi,Khanpur,0.2436962572521163,0.8217601916033225,1.9908699741107072,3.0912845824505246,7.99,1
New Delhi,Vipin Garden Extension North Block,0.4731735886372921,0.3447997877477552,1.9908699741107072,0.738340545660362,8.88,0
Bangalore,Rajaji Nagar Block 2,0.3599124015497667,0.3190461838306101,1.9421877378850636,1.980021983833783,8.6,0
Bangalore,Sri Balaji Layout,0.1440203053494082,0.1172716645834835,0.994064296675553,4.254275644772294,8.11,1
Mumbai,Dahanukar Wadi,0.2408340640442167,0.4298765532260596,1.2079963317886984,0.4911174675273269,9.22,0
Mumbai,Nagpada,0.0365844524196836,0.2600239768509116,2.154213088700899,0.8060572354300731,9.22,1
New Delhi,Bindapur,0.8172150771562124,0.1234451500311259,2.0830064625491995,1.7475649924882255,8.48,1
Bangalore,Judicial Layout,0.970286804446607,0.1304640449271986,1.4965148929326777,2.4450211520375342,8.21,1
Bangalore,Gunjur,0.1502493143138779,0.2167718852169252,0.9156552184523972,3.6119746518982256,8.31,1
Bangalore,Cox Town,0.4722394215529474,0.594037514556703,1.171384824819503,1.1235864254268433,8.82,1
Bangalore,Singasandra,0.3720616956491169,0.4935825296759017,2.4486804852780746,0.3778345194468899,9.02,1
New Delhi,New Rohtak Road,0.932248547280021,0.8785146724814313,1.872347331846325,0.0317213437080961,8.71,1
New Delhi,Geetanjali Enclave,0.2490621946286092,0.696458534031918,1.4384578511064658,0.2652102605095225,9.19,1
New Delhi,Sector 7 Rohini,0.221542892062842,0.3645685096597842,0.1131992280369082,0.1166481084061098,9.62,1
Mumbai,Govandi,0.4879962124393996,0.2734704536152679,2.705192848872788,0.0,9.16,1
New Delhi,Block C Bhajanpura,0.2943278883396588,1.251286135181834,4.444195139887174,1.7664892062807838,7.87,1
Mumbai,Aarey Colony,1.1107641313050256,1.3503118584609548,2.2390603906879907,1.5391430651519376,7.75,1
New Delhi,GTB Enclave,0.3029800440433793,0.5441997819755372,1.7383276119049615,1.5095024545888038,8.72,1
Bangalore,Singapura,0.248564803124263,0.2878923393457629,3.5672621833898286,4.366390993368404,7.53,1
Mumbai,Girgaon,0.2973135635354708,0.0686712648780516,1.080406432100537,0.3501769653338355,9.49,1
New Delhi,Paschim Vihar,0.7092497243627176,0.3456618940114329,3.183123203758578,1.1745952001516144,8.48,1
Bangalore,Attibele Anekal Road,16.56409228846417,15.704207175028952,19.093566101949705,16.022441699190008,0.0,1
Mumbai,Matunga,0.3001688444465792,0.3029820705453067,1.0862719575411603,0.4075753661995863,9.35,1
Bangalore,Indira nagar Stage 1,0.4497765300568084,0.0557639322031588,2.0259516039171097,0.5937326676751667,9.18,1
New Delhi,Vijay Nagar,0.134016036678234,0.1462943327987621,0.4069470222251622,1.5686111082364078,9.2,1
New Delhi,Manohar Park,0.3158633236813573,0.625028844451458,4.528815668921352,1.385950472790095,8.3,1
Bangalore,Kodathi,2.382728711607049,1.8808372737085548,3.502273853468227,2.0446226744849083,6.34,1
Bangalore,Kamakshipalya,0.3041874384387292,0.3758843230356224,2.431740522528368,1.720182876218328,8.62,1
Bangalore,Mullur,0.3599124015497667,0.3190461838306101,1.9421877378850636,1.980021983833783,8.6,0
New Delhi,Malka Ganj,0.3175668039803849,0.1974425277262225,0.6971097796206499,1.1230246371363042,9.19,1
New Delhi,Ramesh Nagar,0.7919972866336664,0.1378766452975867,1.616884189681736,0.9245836556723946,8.87,1
Bangalore,ECC Road,0.5239540838033244,0.5458133937528532,0.986168506785595,0.6380988548897504,9.03,1
Bangalore,Hebbal Kempapura,0.4778356601428107,0.2799224302551304,1.5430586939202997,2.4636875212387186,8.42,1
New Delhi,Naraina,0.6679429242248317,1.2790018101207172,2.548795203092635,0.6407857419392665,8.34,1
Bangalore,RMV Extension,0.0575739727035175,0.2756765071182287,0.8478106261401325,1.46060773336388,9.15,1
Mumbai,Western Express Highway,0.200865679866558,0.4924326099373263,0.7393011655326754,0.4072978327961437,9.37,1
Mumbai,Mahim,0.2825501075367553,0.1046561157873182,1.7015765242978738,0.4831600093757841,9.34,1
Bangalore,Koppa,1.6550990403696648,0.3438098322478791,2.6939640182333,3.451981119975452,7.14,1
Bangalore,Binnamangala Stage 1 Indiranagar,0.2161703326903464,0.2690062245452634,2.1390612279634023,0.410351102995726,9.26,1
Bangalore,Sadashiva Nagar,0.4586319072337821,0.2294774710779427,1.4248442828707004,2.209841077795547,8.57,1
Bangalore,Vasanth Nagar,0.3978377585913664,0.1493022464949268,0.8038441470799477,0.7284249592222279,9.29,1
New Delhi,Sagarpur,0.7340782509504252,0.8297112252618001,3.579886348493732,0.2765521932054801,8.5,1
Mumbai,Pali Naka,0.4519018918030093,0.1466557327507986,2.477172119282855,1.2122958021037906,8.83,1
Bangalore,Channasandra,0.8157509575403658,0.3098584962085318,1.8844082370650548,0.0,9.07,1
Bangalore,Rachenahalli,1.031533118509612,0.2581865745032272,3.412648057405342,4.400083934584377,7.09,1
New Delhi,Ashram,0.8643630646041525,0.567142939905679,3.430538827118052,0.0,8.68,1
Mumbai,Ghatkopar East,0.3152966494934202,0.1288796745479735,0.5113861722678525,0.4911174675273269,9.49,1
Mumbai,Breach Candy,0.1561372376475035,0.303716973696964,0.3839871371585065,1.4380844920681384,9.16,1
Bangalore,Maruthi Nagar Attiguppe,0.0155341983945455,0.5716423987041567,2.420717390975644,1.2900074871022402,8.86,1
Mumbai,Manish Nagar,0.1772007601380177,0.2671012197685746,0.2569250817424803,0.37144858430763,9.58,1
Mumbai,Bandra Kurla Complex,0.2472600123897105,0.5559526501666452,0.8890152108736484,0.0,9.44,1
New Delhi,Keshav Puram,0.4233141135985176,0.4543630159839958,0.9708735749430748,0.0,9.37,1
New Delhi,Patel Nagar East,0.3052554218223586,0.3294606885888333,2.6608751743579613,0.1284220970044771,9.2,1
New Delhi,Razapur Khurd,1.296629697650371,0.2111896583402053,3.6320181397303792,2.0933624280422225,7.79,1
Bangalore,HAL Old Airport Road,0.1423590612088976,0.3412355512592769,0.3922930658572601,2.6250620748839366,8.7,1
Mumbai,90 Feet Road,0.4063205795700047,1.2878179355488737,1.706261327589682,0.659892100197929,8.61,1
New Delhi,Tughlakabad Extension,0.7484821905461697,0.4608550718253272,3.339515501827459,2.467797628159964,7.89,1
New Delhi,Lajpat Nagar 2,0.2109948836607067,0.1692876545245127,2.325295413606084,0.0491054872852635,9.42,1
New Delhi,Pankha Road,0.4836304664205333,0.6575130397830049,3.4207522398503287,0.3465656469410247,8.74,1
New Delhi,Sector 28 Dwarka,3.726715208776771,0.371427615249202,2.652340136098603,1.3905912503658735,6.66,1
Mumbai,Deonar Farm Road,0.4725722777104732,0.6492014314636599,2.272940554141171,0.662249663388572,8.8,1
Mumbai,Mumbai Central,0.2493929430758638,0.1281968369632315,1.257843754888615,0.0,9.6,1
Bangalore,Mysore Road,0.6616810095932757,0.578176510667845,0.888276549156132,0.009775831065781,9.18,1
Mumbai,Utkarsh Nagar,0.1143196825125386,0.7038564406217781,0.3058290215415547,0.7130192969594463,9.27,1
New Delhi,Sector 1 Rohini,0.1095258677879825,0.1909773804839248,2.1500934816100354,2.3354975869026657,8.64,1
New Delhi,Shakti Nagar,0.094006491322042,0.1692223624070862,0.9295956261018692,1.3363371339652907,9.22,1
Bangalore,Talacauvery Layout,0.5506519060573384,0.2547243518704546,2.22572504034506,3.4332386865926185,7.92,1
Mumbai,Teachers Colony,0.4272081145128716,0.3368027292425834,1.8356868156654629,0.1238851791048381,9.25,1
Bangalore,Lakshmipura,0.3722191798069863,0.4002024662094914,5.788908394222566,3.1347060490488645,7.53,1
New Delhi,Vipin Garden,0.386225795933268,1.0725991188476445,2.296830109961462,0.7132666597196577,8.62,1
Mumbai,Colaba,0.5986860093013703,0.0679660038136129,0.9345346725214274,0.5779885965024865,9.25,1
Bangalore,Siddapur,0.0703505650087946,0.0,1.9019040235164069,0.9143439273241972,9.33,1
New Delhi,Shadipur,0.3521105426278091,0.4266311896198451,1.3829226347949326,0.0,9.37,1
Bangalore,Basavanagudi,0.0364453999493854,0.1918875011469883,2.230621196289853,0.6263275921959317,9.31,1
Bangalore,Vibhutipura,0.6717376640655217,0.4548363040948792,2.342832064005945,3.3134723566497826,7.78,1
New Delhi,Baljit Nagar,0.2705348756078663,0.1950929860770954,2.6711473670579795,0.6759769510413581,9.09,1
Mumbai,Sion Chunabhatti,0.2408340640442167,0.4298765532260596,1.2079963317886984,0.4911174675273269,9.22,0
Bangalore,Kalyan Nagar,0.1694785569474637,0.3308903061817048,2.4877402610270614,2.244057703774592,8.52,1
Bangalore,Abbaiah Reddy Layout,0.2281636224177944,0.2540956007772934,2.413457174187573,2.3103931462039182,8.51,1
Bangalore,Block 3rd Koramangala,0.2788818496315868,0.3514670829301783,0.9745669471439274,1.4130941308343157,8.98,1
Bangalore,Rajaji Nagar,0.0556352377019448,0.2436513248851297,0.6266643975215156,0.5186230545486603,9.56,1
Bangalore,Mangammanapalya,0.4754920352523552,0.0527618577411679,2.2865396978487578,0.690906071925593,9.09,1
New Delhi,Govindpuri,0.3768321183735253,0.4405295447721383,3.1429084115778028,1.0458515379121636,8.69,1
New Delhi,Preet Vihar,0.2115708616109045,0.117297797247546,0.9779214861225728,0.0033961443285897,9.67,1
New Delhi,Johripur,1.6737227923564015,0.0,3.187534833272752,0.5201661146098706,8.32,1
New Delhi,Basai Darapur,0.1315515652313882,0.6492972029655423,1.1761121640546015,0.5103939736703809,9.23,1
Mumbai,Sewri,0.9354573094789383,0.6958225465175323,2.721601151737498,0.0,8.68,1
New Delhi,IP Extension,0.2054540483172549,0.113673521369036,2.435983512475776,0.001461466048327,9.45,1
Mumbai,IC Colony,0.2673931441681501,0.658592100553949,2.234975042875793,0.3133691624218833,9.06,1
New Delhi,Rohtak Road,0.8415366903902489,3.940112142234073,6.713949460394315,0.0443286689038568,6.5,1
Bangalore,Banashankari Stage 2,0.2584981463293907,0.5767872554383969,3.160935068156975,1.8729986350433716,8.38,1
Mumbai,Bhatwadi Ghatkopar West,0.0045472099233098,1.2100285992905566,1.42264757795921,0.2642811330239461,9.08,1
New Delhi,Sector D Vasant Kunj,0.2198943724802768,0.2136081048098266,1.4420723171529897,2.633379550200985,8.56,1
Bangalore,Ejipura,0.5929929560173407,0.1528013400117466,0.8434020045140912,3.274039876139684,8.21,1
Bangalore,Kanakapura,0.3599124015497667,0.3190461838306101,1.9421877378850636,1.980021983833783,8.6,0
Bangalore,Seegehalli KR Puram,0.3599124015497667,0.3190461838306101,1.9421877378850636,1.980021983833783,8.6,0
New Delhi,Punjabi Bagh,0.5634934983886059,0.5489580749854939,1.2963648214322403,0.0,9.19,1
Bangalore,Annapurneshwari Nagar,0.0869169160765306,0.2964224472281138,1.1684104303819214,0.5678063453331564,9.41,1
New Delhi,Dwarka,0.7970340735293668,0.7884780339498809,1.6786688339603322,0.0,8.88,1
Mumbai,Ghatkopar,0.1500168103007447,0.3297603350466045,0.6686386026544491,0.0,9.64,1
New Delhi,Sector 17 Dwarka,0.3761445452139644,0.695188735340943,0.3871566292972396,0.3907454715450212,9.22,1
New Delhi,Raj Nagar 2,0.4997542693276045,0.4022982330930778,4.295846838619638,0.6446347504866913,8.61,1
New Delhi,Vasant Kunj,0.5719952571575087,0.0309042692668395,1.3267257541480677,3.229660997285265,8.23,1
New Delhi,Sector 3 Rohini,0.221542892062842,0.3645685096597842,0.1131992280369082,0.1166481084061098,9.62,1
Bangalore,Teachers Colony -HSR Layout,0.2579139569527273,0.1899179066694808,1.5256791561933778,1.2325887336636925,9.06,1
New Delhi,Vikas Puri Extension Part 1,0.4731735886372921,0.3447997877477552,1.9908699741107072,0.738340545660362,8.88,0
Mumbai,Sector 2 Charkop,0.2735289624232054,0.2949042867687144,1.4454923060826352,1.2013016584341196,9.02,1
New Delhi,Nirankari Colony,0.91960581474494,0.2618443138503712,3.983214695913281,1.1734165035084991,8.28,1
New Delhi,Hari Nagar,0.1999609916174778,0.3802065827059819,1.524063458237675,1.3708757650041388,8.95,1
New Delhi,Haiderpur,0.4370013660322208,1.0739156264597325,1.2729766462218457,0.4157722116258719,8.85,1
New Delhi,Sector 10 Dwarka,0.2611279280412894,0.0668906422256314,2.1330272922278577,0.3622783614321667,9.35,1
New Delhi,Kalu Sarai,0.1961488633872011,0.1979485577419253,0.4564621413753005,0.2397726346047574,9.62,1
New Delhi,C2 Block Janakpuri,0.4731735886372921,0.3447997877477552,1.9908699741107072,0.738340545660362,8.88,0
Bangalore,BTM Layout Stage 1,0.2101859951573819,0.1536912461217031,0.2012678628660736,0.3711503072046599,9.63,1
Mumbai,Saki Naka,0.5362511462445915,0.90538537280684,2.5286556162779323,0.3375154907193741,8.72,1
New Delhi,Sector 16 Rohini,0.553105965081918,0.1282040212736306,0.9202972179117772,1.446431451902528,8.92,1
New Delhi,Sector C Vasant Kunj,1.0647750722746512,0.4310361884773775,3.739747109313088,0.6161342121026265,8.35,1
New Delhi,Tyagi Colony Nangloi Extension,0.4731735886372921,0.3447997877477552,1.9908699741107072,0.738340545660362,8.88,0
Bangalore,Sadahalli Main Road,7.911650585726686,7.472801980827482,11.974348118034232,11.216785172833925,0.0,1
Bangalore,Hosa Road,1.001714670670773,0.3023258927243507,2.596932231246722,1.5898634060353922,8.26,1
Mumbai,Chakala MIDC,0.71248888413504,0.5250504398473431,3.486014333901593,0.3318380451172493,8.66,1
Bangalore,RS Palya,0.3599124015497667,0.3190461838306101,1.9421877378850636,1.980021983833783,8.6,0
New Delhi,Mayur Vihar,0.2278513392435006,0.1340340773463407,2.0071234824172315,0.7105060150898492,9.23,1
Mumbai,Lokhandwala Complex Andheri West,0.1469495683093172,0.4984401165839248,0.7948217698621879,0.9027917214600522,9.2,1
Bangalore,Chamundeshwari Layout,0.3584965745828049,0.155973042977221,3.785820630035829,2.7157569970606947,8.12,1
Bangalore,Block 7th Jayanagar,0.1260159315459424,0.2134148208617351,1.9414974876577165,0.6876599365143279,9.27,1
New Delhi,Sector B Vasant Kunj,0.8331826508027642,0.3788299077310217,1.6807991056948672,2.7839911666079837,8.01,1
Mumbai,Mindspace,0.4318179018341734,0.7460891360722878,0.0088676175465419,0.1896184361912842,9.3,1
Bangalore,Block 5th Jayanagar,0.3088856469263665,0.3256797009380757,1.2834868680061908,0.1991357825042131,9.38,1
Mumbai,Kalina,0.2320335233654699,0.6387560003337769,2.633941537741299,1.4868429243740398,8.59,1
New Delhi,Rajpur Khurd Extension,0.4731735886372921,0.3447997877477552,1.9908699741107072,0.738340545660362,8.88,0
New Delhi,Devli,0.1036520357736935,1.087025509863885,2.3508397757755937,3.242877355388805,7.83,1
New Delhi,Rama Park,0.080866903465932,1.0763375836790754,1.9485050425577288,0.2948375332783128,9.01,1
Bangalore,Bapuji Nagar,0.635871365725206,0.635183907762704,1.4637506276056151,0.2717581450370508,8.98,1
Bangalore,Begur,1.4317256378441383,0.338865520755332,2.3334688379656487,3.957837571203767,7.14,1
Bangalore,Yelahanka Air Force base,0.3599124015497667,0.3190461838306101,1.9421877378850636,1.980021983833783,8.6,0
New Delhi,Shiv Vihar,1.134983030402227,0.5170180413394606,2.480735399507063,2.9579561044168985,7.58,1
New Delhi,Bhalswa,0.5248177308809938,0.2009336934634901,0.913637997401182,1.310389291968686,8.96,1
Bangalore,Ganganagar,0.3083239694451268,0.4889195422403568,1.9768768327516093,1.7325599704993648,8.62,1
New Delhi,Sector 18 Dwarka,0.8172751451356006,0.878941134784698,1.982608714955533,0.519185515887833,8.58,1
Mumbai,LIC Colony Vile Parle West,0.3028042888434564,0.4807053399056495,4.185961992591397,0.8431239154504121,8.63,1
New Delhi,Sukhdev Vihar,0.1209185087615904,0.1264247410938322,4.007209343087575,0.0,9.26,1
Mumbai,Tardeo,0.1331563601742904,0.2939788802037896,1.417361078353651,0.2644709253407319,9.46,1
Bangalore,Sompura,2.8057821179449216,1.5230857268270843,3.904403834366484,3.972633994033457,5.48,1
New Delhi,Palam,0.1058628686635773,0.1506250600084631,3.666720158408308,0.3326187528859813,9.19,1
Mumbai,Shell Colony,0.4742009261491542,0.109136545264876,1.9702799225821723,0.3916192191434858,9.22,1
Bangalore,Murugeshpalya,0.1378729971358713,0.4363794358320838,0.1226343956010634,2.831113629257409,8.62,1
New Delhi,Tihar Village,0.4731735886372921,0.3447997877477552,1.9908699741107072,0.738340545660362,8.88,0
New Delhi,Mohan Garden,0.3425499900961729,0.3556678122033257,2.9449964684282874,1.2396113977489296,8.71,1
Bangalore,Spencer Road,0.1382714780944456,0.061810696968569,1.5508064534722013,1.098655411623953,9.24,1
New Delhi,Poorvi Pitampura,0.4731735886372921,0.3447997877477552,1.9908699741107072,0.738340545660362,8.88,0
Bangalore,Margondanahalli,1.1220008453938968,0.3316163469944154,3.396093821154812,3.749929642135968,7.25,1
Bangalore,Babusahib Palya,0.3599124015497667,0.3190461838306101,1.9421877378850636,1.980021983833783,8.6,0
New Delhi,J Block Saket,0.0724851111079736,0.0867798843306272,0.6738728162778788,1.2082885701233606,9.36,1
Mumbai,Subhash Road,0.2682119949125254,0.3438102897341302,0.2301186726072359,0.8023699157508379,9.33,1
Bangalore,Udaya nagar,0.0703495455179572,0.9354870424255745,0.9682679755775072,0.4324705032746873,9.18,1
New Delhi,Molarband,0.8936967130117247,0.5648938033218665,1.4754905709855164,1.3954516474106555,8.44,1
Mumbai,Dahisar East,0.2825319910476524,0.5606543078321049,1.5655804173276775,0.7464286734350583,9.04,1
Bangalore,Jigani,9.21740678065607,8.184871394335232,11.74243819727226,10.095549300424056,0.0,1
New Delhi,Gujarat Vihar,0.4731735886372921,0.3447997877477552,1.9908699741107072,0.738340545660362,8.88,0
New Delhi,Sector 25 Dwarka,2.918543400765739,0.5046224907568466,1.535931396175967,0.2856065543963299,7.66,1
Bangalore,Ramagondanahalli-Whitefield,0.3977456028765136,0.0573808905725059,0.3204304317330868,2.575422055229065,8.72,1
Mumbai,Juhu,0.3113657352929102,0.0987358469473689,2.454196453359611,1.903249349497527,8.68,1
Bangalore,Nagondanahalli,2.343305228929213,0.776552387689746,2.332189469198489,2.2462749231769887,7.01,1
Bangalore,Ambalipura Sarjapur Road,0.1242525133990402,0.1808258134915115,1.0159626874519208,4.08968052527128,8.15,1
Mumbai,Kanjurmarg West,0.6477672343064869,0.1668352974365925,0.5101782782562208,0.4661270169941697,9.28,1
New Delhi,Sector 26 Dwarka,3.6718518439293657,1.3500982589710593,1.1269167664943445,0.8709898055332754,6.63,1
New Delhi,Jhandewalan,0.4182798864193346,0.1700698229652825,3.381040801274418,0.0,9.16,1
Bangalore,Devarabisanahalli,0.9881348721224223,0.4911600508199925,1.2939174752297524,2.718155672299676,7.95,1
New Delhi,Green Park Extension,0.3269761071451802,0.2099382448823364,0.9621414042981988,0.4286760848865158,9.39,1
Mumbai,Nahur East,0.3316272916005034,1.021826645092761,1.1732986639493408,0.0,9.11,1
Bangalore,Phase 2nd JP Nagar,0.2861818851347926,0.0990897949819953,0.6284057030227386,0.8797578466562667,9.35,1
New Delhi,Goyla Village,1.596774787374802,0.5269133233230086,2.5515049086625736,2.396405607171038,7.5,1
New Delhi,Mangolpuri,0.7355538120052937,0.5827386227854663,2.7483722431803628,0.448130117450116,8.69,1
New Delhi,Chandra Nagar,0.455401488084952,0.1834866702189933,0.4600415524281994,1.5001968355119724,9.0,1
Mumbai,Worli Hill Road,0.6860081170334079,0.1381616794049249,0.5481847069148963,0.4174471326397727,9.28,1
Mumbai,Gowalia Tank,0.1890319890977591,0.0992978033298641,0.7578925393651996,0.6041824644851841,9.5,1
Bangalore,Doddanekundi,0.2977345920080873,0.3514639087511124,1.6508715893609651,1.7038839038159053,8.76,1
New Delhi,Block B Sewak Park,0.4731735886372921,0.3447997877477552,1.9908699741107072,0.738340545660362,8.88,0
Bangalore,Basavanagar Main Road,0.6255256819411865,0.3373277379140467,1.9993492010627345,3.240661102316975,7.94,1
New Delhi,Shyam Vihar 2,0.9501311649482396,0.1054495150825727,3.063146334535212,2.659633346828093,7.92,1
New Delhi,Dasghara,1.1958201918273268,1.7871970666771355,3.938502320096827,2.2797734614405867,6.94,1
Bangalore,Mallathahalli,0.2024637755797939,0.5750616946946132,4.086885875219724,3.4908832748106824,7.67,1
New Delhi,Jharoda Majra,0.7266696402624765,1.117713180938572,4.989855321760261,0.0122308886557021,8.25,1
Bangalore,Hunasamaranahalli,2.045870578098872,1.270902168544002,5.900115034436884,5.138611752384407,5.33,1
New Delhi,Sector 25 Rohini,1.7110334779241032,0.5900773785957169,1.5831659690790811,1.1393016506049851,8.01,1
New Delhi,Anand Vihar,1.0486233145016943,0.9498892363449124,1.7535246448055684,0.0185493467309208,8.63,1
New Delhi,New Patel Nagar,0.1616135624051241,0.3315767072830188,1.0951394141159994,0.2972974584370619,9.46,1
Mumbai,Inlaks Nagar,0.0880832781508906,0.8407281134209292,4.019759050634408,0.2774668594822786,8.82,1
New Delhi,Sangam Vihar,0.2566489848437362,0.167896333558579,3.4885552332069083,4.14099458493707,7.69,1
New Delhi,Bhagwan Das Nagar,0.3091154627779013,0.2463343901170686,0.99431056113435,0.30317527214907,9.43,1
Bangalore,RMV Extension Stage 2,0.5090015126572082,0.7861291266166184,0.929275424393778,2.426906217530381,8.25,1
New Delhi,Sector 28 Rohini,2.1063014037107712,1.5516666519766191,3.888406608153169,1.9132743586350325,6.66,1
Mumbai,Union Park,0.8810943507028428,0.6466151865910671,3.5261787317955604,1.875973320958473,7.92,1
New Delhi,Munirka,0.6877915071664604,0.2109136722552453,1.8823075024591571,0.4480171633824788,9.03,1
Mumbai,Chimaji Nagar,0.2408340640442167,0.4298765532260596,1.2079963317886984,0.4911174675273269,9.22,0
Bangalore,HBR Layout,0.3002675093481282,0.3010860868100612,3.472670805884727,2.908457587738358,8.06,1
Bangalore,Bhoganhalli,0.3599124015497667,0.3190461838306101,1.9421877378850636,1.980021983833783,8.6,0
New Delhi,Rajpur Khurd,0.4731735886372921,0.3447997877477552,1.9908699741107072,0.738340545660362,8.88,0
New Delhi,Karala,0.5853045723691712,3.182715169911766,7.999459529711508,5.8636786778803645,4.66,1
Bangalore,Vidyaranyapura,0.0568588523729732,0.0882324749575403,3.5795431539502607,3.733706026729954,7.98,1
New Delhi,Maidan Garhi,0.9950566611772542,1.346602526145517,3.987988402723863,1.759403094373965,7.47,1
Bangalore,Basavanagara,1.488793291941536,0.2250724702834182,5.054628124435563,1.2825587974699342,7.76,1
New Delhi,Sector 35 Rohini,1.791438682732901,3.0456130456890858,6.058459203368315,4.6424788457963775,4.75,1
Bangalore,Soladevanahalli,2.6365377508934977,2.3229455411274103,9.86301542099904,2.6109806306703613,4.8,1
New Delhi,Vasundhara Enclave,0.3399203040814552,0.2003237712310447,0.1881546083404487,1.7689751115805954,9.0,1
Mumbai,Subhash Nagar Bhandup West,0.2682119949125254,0.3438102897341302,0.2301186726072359,0.8023699157508379,9.33,1
Bangalore,Hosur Road,0.1639111116385035,0.329834977301551,1.06296011566221,0.3387961040817679,9.45,1
Bangalore,Kothnur,0.7244423645314646,0.3420583125357963,1.2989593045460652,2.808387214172635,8.15,1
New Delhi,Shastri Park,1.367033630164511,1.1757352306799675,2.243877069060096,0.0,8.26,1
Mumbai,GTB Nagar,0.4278303860844405,0.5069827473908947,2.236292201589788,0.0,9.15,1
Bangalore,Jayanagar,0.0485379138148167,0.3865903963503398,0.9696656195301858,0.2483531212643318,9.54,1
New Delhi,Lajpat Nagar 1,0.2236628419092435,0.169418112889145,2.3202874718717896,0.0585008638965323,9.41,1
Mumbai,Jogeshwari West,0.1044932295269055,0.8598388954929398,0.6903486405793969,0.7638913763596823,9.12,1
Mumbai,Gorai 1,0.4918220337339218,1.125206299076784,1.9373377194101475,0.3591887025542885,8.72,1
New Delhi,Sri Niwaspuri,0.6284994599660864,0.4691830208627245,2.62705308588583,0.7053768153074205,8.73,1
Bangalore,Mitganahalli,0.3599124015497667,0.3190461838306101,1.9421877378850636,1.980021983833783,8.6,0
Bangalore,Sanjayanagara,0.0630281384671177,0.0886404116446224,0.6728198518880141,1.5239346978904127,9.25,1
New Delhi,Panchsheel Park,0.6744356300107729,0.1547356040314139,1.4526957480198013,0.0,9.3,1
New Delhi,Jagatpuri,0.6454373120554656,0.3329012085725144,1.255864467836307,0.5519961758113809,9.05,1
Bangalore,Halasuru,0.2708943076076213,0.2747250592664741,0.585001606813614,0.2669869128102082,9.51,1
Bangalore,Kariyammana Agrahara,0.58187059266461,0.0358659724467746,1.7743669782629885,3.871739646103865,7.91,1
New Delhi,Kabir Nagar Vijay Park,0.4731735886372921,0.3447997877477552,1.9908699741107072,0.738340545660362,8.88,0
Mumbai,Ghodbunder Road,0.1716784661613455,0.2110943698123698,0.3255455100940265,0.9925933282306406,9.37,1
Mumbai,Mysore Colony,0.9795276663334936,1.429840018289545,4.422657869441172,0.0,8.03,1
Bangalore,Nagarbhavi,0.7077078188540008,0.5263710149391382,1.3787107537814072,1.1264807932158891,8.68,1
Bangalore,JP Nagar,0.2569780469472153,0.1603554607187032,0.9687678516090128,0.8416428622460974,9.3,1
New Delhi,Hastsal,0.0330761735324572,0.371825312797342,1.9377730003503524,1.7192511086843651,8.86,1
New Delhi,Qutub Vihar,0.4792460168316661,1.511149143929893,2.544974809930137,2.3284651004709267,7.7,1
Bangalore,Talaghattapura,0.3599124015497667,0.3190461838306101,1.9421877378850636,1.980021983833783,8.6,0
Bangalore,Marenahalli - Vijaynagar,0.3599124015497667,0.3190461838306101,1.9421877378850636,1.980021983833783,8.6,0
Bangalore,Marathahalli village,0.3599124015497667,0.3190461838306101,1.9421877378850636,1.980021983833783,8.6,0
Bangalore,JC Nagar-Kurubarahalli,0.3599124015497667,0.3190461838306101,1.9421877378850636,1.980021983833783,8.6,0
Bangalore,Veerasandra,3.7290525591281343,2.8946608251470622,6.408158200990358,3.1450000109228133,4.17,1
New Delhi,Mandawali,0.6424282286995993,0.1837368854174206,1.1830663594368218,1.1028869156644578,8.93,1
Mumbai,Mahalakshmi,0.4606785542341758,0.4743183006591309,0.4853639105420482,0.3375305894201441,9.29,1
New Delhi,Mahendru Enclave,0.4691389828244552,0.6182882638594627,2.6023003850803352,0.492587937881563,8.83,1
Bangalore,Mavalli,0.3875314193983692,0.0620342119583066,2.628442094895029,0.733921920675171,9.07,1
Bangalore,Phase 1 Sivagiri Township,0.3599124015497667,0.3190461838306101,1.9421877378850636,1.980021983833783,8.6,0
Bangalore,Thirumenahalli,0.7698078944375512,0.4016706636916594,1.340301820860465,4.789307893457309,7.34,1
New Delhi,Matiala,0.3411404234607892,0.3455815353836107,0.97271555257709,1.1948873531028192,9.03,1
Mumbai,Mumbai CST Area,0.2408340640442167,0.4298765532260596,1.2079963317886984,0.4911174675273269,9.22,0
Bangalore,Halanayakanahalli,1.143638401640956,1.4042559874589609,3.084457301151417,2.500880716226048,7.21,1
New Delhi,Nizamuddin East,0.2350675542981473,0.278844146960967,4.521202154578245,0.3158842111323694,8.92,1
New Delhi,Ghitorni,3.3906524974817693,0.4900568711424986,3.944641478135051,0.6584782805005837,6.88,1
Bangalore,Palace Cross Road,0.5941733762413163,0.3329572086134833,0.4313502433536441,1.2324048449542864,8.95,1
New Delhi,Jaitpur Extension Part 2,0.4731735886372921,0.3447997877477552,1.9908699741107072,0.738340545660362,8.88,0
Bangalore,Block 3rd Jayanagar East,0.3599124015497667,0.3190461838306101,1.9421877378850636,1.980021983833783,8.6,0
New Delhi,Guru Harikishan Nagar,0.4731735886372921,0.3447997877477552,1.9908699741107072,0.738340545660362,8.88,0
Bangalore,Basaveshwar Nagar,0.5934226881093789,0.3134358719981793,0.2120385880742354,0.4103074278462814,9.3,1
New Delhi,Pul Prahlad Pur,0.4731735886372921,0.3447997877477552,1.9908699741107072,0.738340545660362,8.88,0
Bangalore,K Channasandra,0.9213575316256912,0.1804986529736296,2.1903591491056558,3.622893428199709,7.67,1
Mumbai,Eden Gardens,0.3320806981958061,0.8247519566763533,2.494871503512788,0.4838141113764317,8.83,1
New Delhi,Krishna Nagar-Safdarjung Enclave,0.4731735886372921,0.3447997877477552,1.9908699741107072,0.738340545660362,8.88,0
Mumbai,Marol,0.0,0.8956843946726842,2.4030039060908788,0.918935855092476,8.85,1
Bangalore,Srigandha Nagar,0.3599124015497667,0.3190461838306101,1.9421877378850636,1.980021983833783,8.6,0
New Delhi,Mahavir Enclave,0.7057477672287624,0.2639760337333345,3.153585887249382,0.3884261509978167,8.83,1
Bangalore,Bhuvaneshwari Nagar,0.3816670339395528,0.4546939934192813,0.6836356190028796,0.6423619625161741,9.2,1
New Delhi,Patel Nagar South,0.2246448546651744,0.2644147206987068,2.550562942353312,0.0,9.35,1
New Delhi,South Extension 2,0.2992938730868199,0.3182512167234628,2.8953610463526203,1.385070428213183,8.71,1
New Delhi,Shiv Nagar,0.3332930886219697,0.387188927284829,4.342175929676489,1.355766875897746,8.45,1
New Delhi,Vishwas Nagar,0.175509937288648,0.3353819788871715,0.5354989896223536,0.673439567850785,9.39,1
Bangalore,Virupakshapura,1.0656280867817232,0.267333597996659,2.1556163101612604,2.449210316480173,7.99,1
Bangalore,Mahatma Gandhi Road,0.8985458671046024,0.3763251396105452,0.1389462193788003,0.0,9.25,1
Mumbai,Swastik Park,0.0258769435719834,0.7195891056778547,2.824206061294608,0.3772206656974876,9.06,1
Bangalore,Valepura,2.105186356010526,1.0413680880551786,2.002038948015048,3.707013302484126,6.53,1
New Delhi,Bijwasan,3.3715775967033945,2.194803852254351,1.876104705609632,0.0,6.6,1
New Delhi,Kapashera Samalkha Road,0.5554727257204635,2.5779657311450728,2.5612531537860965,3.412237928356074,6.71,1
Bangalore,Doddaballapur Main Road,0.3599124015497667,0.3190461838306101,1.9421877378850636,1.980021983833783,8.6,0
New Delhi,Badarpur Extension,0.8911098582077933,0.1012433345690048,1.5918439120593126,0.2197621305171591,9.09,1
Bangalore,Rajaji Nagar Block 1,0.3599124015497667,0.3190461838306101,1.9421877378850636,1.980021983833783,8.6,0
Bangalore,Electronics City Phase 1,3.3119609651186432,2.03941489313483,6.120302205464422,2.641580901987725,5.08,1
Bangalore,Mallasandra Village,2.9492821678783576,1.5839307865589043,5.638756472217581,2.745452501543227,5.56,1
Mumbai,Dadar East,0.5314081931768856,0.228892886322857,1.215061473014838,0.0,9.38,1
Mumbai,Central Avenue Road,0.2251623462683595,0.3579245394572047,3.17498965554214,0.2205368717590424,9.13,1
New Delhi,D Block Saket,0.5848668374101577,0.105900845383,0.2841794874338368,1.5889083570036902,8.96,1
Bangalore,Kadugodi,0.1704819617390832,0.1563067297755952,2.528221262419863,0.0,9.44,1
New Delhi,Mayur Vihar Phase 2,0.1127523772572325,0.1275046878741783,2.5222519998450608,0.4316153504105717,9.33,1
Mumbai,Kanjurmarg East,0.6849305360680513,0.4812622907134662,1.2960205605892057,1.2152207673617377,8.7,1
New Delhi,Kailash Colony,0.076207468398939,0.1678428165595049,0.9302147861153304,0.0,9.73,1
New Delhi,Mayur Vihar Phase 3,0.225426335904974,0.2552824386388111,0.6011302755475144,2.1101552889959136,8.86,1
New Delhi,Tagore Garden,0.6726261878821934,0.4559039927231399,0.6586121458318696,0.0,9.27,1
New Delhi,Uttam Nagar West,0.2882080796203162,0.768216633323926,1.6522534823737125,0.0,9.2,1
Bangalore,Chamrajpet,0.1796875343044601,0.1692368691010022,0.8249439192390146,1.3014436854628888,9.2,1
New Delhi,Sandesh Vihar,0.4731735886372921,0.3447997877477552,1.9908699741107072,0.738340545660362,8.88,0
New Delhi,Uttari Pitampura,0.1331253728206766,0.1762444847335404,0.3969315880625402,0.2242055955997913,9.69,1
Bangalore,Kithaganur Main Road,0.3599124015497667,0.3190461838306101,1.9421877378850636,1.980021983833783,8.6,0
Mumbai,Amrut Nagar Ghatkopar West,0.0876084504584469,0.5471871376411629,0.4218800970352209,1.3881701044809949,9.09,1
Mumbai,Devipada,0.4438384290980142,0.2056254018327626,0.0823206144902646,0.0359829412656876,9.61,1
Mumbai,Dadar,0.1980486968202729,0.1346776204131435,0.176011067952655,0.0,9.79,1
New Delhi,Maharani Bagh,0.6055840327077692,0.4646088900117174,3.71826306001373,0.4685399898423266,8.67,1
New Delhi,Saini Enclave,0.388556433802865,0.4535666878805622,0.5790278468111908,0.3322594232743571,9.33,1
Mumbai,MHADA Colony Mulund East,0.4885636546793414,0.3799988542559716,2.1530469165653634,1.261897972277859,8.72,1
New Delhi,Asola,3.672023427106334,0.6494789753041755,8.933712119260171,5.610045960725608,4.03,1
New Delhi,Beadon Pura,0.4731735886372921,0.3447997877477552,1.9908699741107072,0.738340545660362,8.88,0
New Delhi,Ravi Nagar,0.3029503351573636,0.40830600537812,1.1860967696870082,1.1364094173986112,9.01,1
Bangalore,Kogilu Main Road,0.2575911885911714,0.1683489269131237,2.9359882606098857,3.649707705461848,7.95,1
New Delhi,Mangolpur Kalan,0.4541606744280913,0.1060687773677886,0.5932712977037825,0.8949205942289274,9.25,1
Mumbai,Tilak Nagar Chembur,0.4422584019608521,0.4148874236630919,1.6770735682226106,0.6172602852088964,9.04,1
Bangalore,Bettadasanapura,3.838715785651474,2.622173630236773,5.4613807591725365,3.755054430516892,4.16,1
Mumbai,Ajit Nagar,0.2408340640442167,0.4298765532260596,1.2079963317886984,0.4911174675273269,9.22,0
Mumbai,Lal Baug,0.3915649075184257,0.3292194820837331,1.8127778545213733,0.1448931195521611,9.27,1
Mumbai,Walkeshwar,0.5634884365319847,0.0640422678333703,1.8481921684574156,1.5101537146662525,8.79,1
New Delhi,Tri Nagar,0.4731735886372921,0.3447997877477552,1.9908699741107072,0.738340545660362,8.88,0
Bangalore,Narayanaghatta,8.14022827570759,7.100474179116841,9.130288686452888,7.986266918727486,0.14,1
Bangalore,Devarachikkana Halli,0.5758563976641801,0.3300655424416813,2.7041360245367003,1.966631447054776,8.35,1
Bangalore,Chikkabanavara,0.3252949596842374,0.5173526613689842,7.265632601727314,0.0,8.46,1
New Delhi,Rajendra Nagar,0.5223397010444512,0.2152058888553645,3.922476507329776,0.5879250282545935,8.77,1
Bangalore,Thambu Chetty Palya,0.3599124015497667,0.3190461838306101,1.9421877378850636,1.980021983833783,8.6,0
New Delhi,Samalkha,0.6788770081205839,2.5935559312373213,2.822559661535782,2.4450125479821034,6.96,1
New Delhi,Uttam Nagar East,0.7033461206165541,0.262519351058686,0.831108068740701,0.0,9.32,1
New Delhi,Sector 12 Dwarka,0.1655893420489034,0.1345309442277569,0.4549329908076397,0.3374383519815883,9.64,1
Bangalore,Block 2nd JayaNagar East,0.3599124015497667,0.3190461838306101,1.9421877378850636,1.980021983833783,8.6,0
New Delhi,Kishangarh,0.6052648047705207,0.5305620499694927,2.677285223053869,1.6369873248514186,8.36,1
Bangalore,Phase 1st MCECHS Layout,0.3599124015497667,0.3190461838306101,1.9421877378850636,1.980021983833783,8.6,0
Mumbai,Ketkipada,0.4862341866375894,0.6155392352188036,0.7971619557527482,0.5015522014311197,9.09,1
Bangalore,Andrahalli,1.383914544401571,0.8398013128437327,6.502468769159847,3.368908887306058,6.51,1
Bangalore,Hadosiddapura,1.388018593473065,0.8342509558472218,3.5144750955567043,0.9422263114436495,7.87,1
New Delhi,Savitri Nagar Village,0.3869992181591669,0.033426410576295,1.2616704045720455,0.4787940400639315,9.38,1
Bangalore,Malleshpalya Main Road,0.0939017986904946,0.2609135039049965,2.600907252469668,2.9704045342948926,8.31,1
New Delhi,Jangpura,1.30820041214669,0.2658927519129334,3.801290248064804,0.0,8.51,1
Bangalore,Chennammana Kere,0.3599124015497667,0.3190461838306101,1.9421877378850636,1.980021983833783,8.6,0
Mumbai,Goregaon Mulund Link Road,0.0853446647709806,0.4337990608420848,0.1998394676071763,0.787886953712376,9.41,1
Mumbai,Garodia Nagar,0.1503277996117176,0.2729427193403401,0.6291540889328512,1.285452012355757,9.2,1
Mumbai,Kala Nagar,0.2130440533978545,0.6726362090526966,0.523483960664859,0.3661270623248718,9.32,1
Bangalore,Meenakshi Layout Choodasandra,0.3599124015497667,0.3190461838306101,1.9421877378850636,1.980021983833783,8.6,0
Bangalore,Basavanna Nagar,0.8872996974635077,0.4114794053979277,0.8388992889783652,0.984596304588726,8.77,1
Mumbai,Jacob Circle,0.3041025589113635,0.5513949178366035,1.4849133940528445,0.2287690542069357,9.23,1
Bangalore,Cambridge Layout,1.3726486269525342,0.3617685708875164,2.008534553599915,2.5704397302704263,7.73,1
New Delhi,Qutub Vihar Phase 1,0.4792460168316661,1.511149143929893,2.544974809930137,2.3284651004709267,7.7,1
New Delhi,Seelampur,0.8305563517602685,1.005627268873129,1.9898999108259088,0.0,8.7,1
Mumbai,Tilak Nagar Goregaon West,0.0428056439040791,0.3791209957626528,0.5672054580182734,0.6170447122418311,9.47,1
Bangalore,BCC Layout,0.4372244111063783,0.1283019271951102,1.8385729273127909,0.7300678754578344,9.12,1
New Delhi,Shyam Nagar,0.1436267254392814,0.478608930663313,3.291964965039522,0.4684061474019324,9.01,1
Bangalore,Block 4th Jayanagar,0.2807889507253582,0.192361356046031,0.9125879160133042,0.5080119509965585,9.41,1
New Delhi,Mithapur,0.4731735886372921,0.3447997877477552,1.9908699741107072,0.738340545660362,8.88,0
New Delhi,Naraina Village,0.3121286557277651,0.6359640938816219,3.4599137129421766,0.3365655230563688,8.85,1
New Delhi,Khirki Extension,0.2832938134897272,0.6163480217450643,3.182792926703426,3.3846302086075206,7.78,1
Mumbai,Nahar Nagar,0.6458004120724475,0.2176322034690982,0.449558077054674,0.2457925339459179,9.34,1
Bangalore,Mahadevapura Layout,0.4404302957921491,0.3017670963605743,1.676095863309894,0.7802030164282691,9.04,1
Bangalore,Richmond Town,0.2785223072584438,0.1354209864872776,1.024748414399457,1.4456979442718878,9.07,1
New Delhi,Panchsheel Enclave,0.7589465431017675,0.1474787517232961,0.8472926311371838,0.3466456729464909,9.21,1
Bangalore,Munireddy Layout,0.7524317979312268,0.2979170327475516,1.8880255736689933,3.665853601920461,7.74,1
New Delhi,Pandav Nagar,0.2484736320150163,0.0257585576246587,1.9872742207044432,0.3950864186915254,9.39,1
Mumbai,Pant Nagar,0.2563798820658218,0.2075188420591931,0.4613990504733258,0.4215371589556327,9.52,1
New Delhi,Roop Nagar,0.4147690442079067,0.1009380935588749,0.5766328419628438,1.538779528100268,9.04,1
New Delhi,Jivan Park Rani Bagh,0.4731735886372921,0.3447997877477552,1.9908699741107072,0.738340545660362,8.88,0
Bangalore,Nagegowdanapalya,3.5165124810363344,2.0020522741680407,4.57208483286014,1.84917870326501,5.51,1
Mumbai,Tagore Nagar,0.061344401644849,0.274682930490276,0.8183374523260744,1.120454963077733,9.28,1
Bangalore,Doddakallasandra,0.6485999021917046,0.4628196046000135,0.334804220850719,0.3461209353041708,9.2,1
Mumbai,Chandan Nagar,0.5941583043981181,0.479131274907674,0.3720783813179257,0.924318457643144,9.0,1
New Delhi,Subhash Nagar,0.7865764403040535,0.4076263782115681,0.2403555527878318,0.0,9.29,1
Bangalore,Koramangala 80 Feet Road,0.0195314459025549,0.1695434747003434,0.1361053502384451,2.354750054075063,9.0,1
New Delhi,Hauz Khas,0.2482032209935471,0.6609752185845351,0.4514345762039848,0.6259550880066734,9.22,1
Mumbai,Gavane Pada,0.2408340640442167,0.4298765532260596,1.2079963317886984,0.4911174675273269,9.22,0
Bangalore,Nisarga Nandana Layout,0.3599124015497667,0.3190461838306101,1.9421877378850636,1.980021983833783,8.6,0
Bangalore,Yellappa Chetty Layout,0.1982627747815308,0.218246870491281,0.4996335513620851,0.5238627804983216,9.5,1
Bangalore,Papareddipalya,0.3599124015497667,0.3190461838306101,1.9421877378850636,1.980021983833783,8.6,0
New Delhi,Ashok Vihar Phase 3,0.7091622374199015,0.2969554863071899,1.927677708300543,1.834367853325596,8.45,1
Mumbai,Nerul,0.1390480624732495,0.2543194660154343,1.068089511610746,5.644997237532394e-06,9.63,1
Mumbai,Gavanpada,0.4730045791888879,0.2560850567389072,1.7099130177573851,1.0035614393119503,8.96,1
New Delhi,Nehru Nagar,0.0658163993903826,0.1469644277298018,2.6537891812734564,0.3573747590171859,9.35,1
New Delhi,Inderpuri,0.0351103255661305,1.6506594023230383,3.248416696988456,1.1444770693856934,8.24,1
New Delhi,Sitapuri,0.3743093500781294,0.3336857299175908,1.856013699733205,0.3356019166703639,9.2,1
New Delhi,Ram Nagar,0.6825445414797661,0.9213214089105592,0.9362772711803048,0.5706523748845145,8.78,1
Bangalore,Kogilu,1.2247980331169448,0.3822862238701558,2.779862108396875,2.7683975793206788,7.62,1
New Delhi,Dashrath Puri,0.8933060182348981,0.4061361386814958,3.0159335703160832,0.0,8.81,1
Bangalore,Shanthala Nagar,0.6081216371676909,0.2896620618359822,0.3751677381313628,0.9182561209223762,9.09,1
Mumbai,Kemps Corner,0.1096154377668675,0.2439335568594252,0.5538486222001913,0.9437378543052384,9.38,1
New Delhi,Bharat Vihar,0.9540695024955512,0.4341395724717964,0.8329669329722886,0.7465171464557693,8.81,1
Mumbai,Lal Bahadur Shastri Road,0.2272080085341878,0.5998298818900624,2.558735470776474,0.4351425836759555,9.02,1
Bangalore,HRBR Layout Block 1,0.0874661030486589,0.3419775482614229,1.4625342705071165,1.1256059221826122,9.14,1
Bangalore,Kammagondahalli,0.3599124015497667,0.3190461838306101,1.9421877378850636,1.980021983833783,8.6,0
Bangalore,Kannuru,0.626963095068953,1.5365810312921422,1.8276242521683848,6.735026258277371,6.06,1
New Delhi,Punjabi Bagh West,0.4066459043751889,0.5398302168861578,1.7315152826225129,0.0,9.23,1
New Delhi,Laxmi Bai Nagar,0.9047346583194292,0.993487493803638,1.7310848194157438,0.3719454169742381,8.56,1
New Delhi,Kabool Nagar,0.2137901229836467,0.5906339399271641,0.3845285572272117,0.3484973563853062,9.39,1
Mumbai,Ashok Nagar Kandivali East,0.3222731052065903,0.6685998052871105,0.6487756765923469,0.540472306261394,9.17,1
Bangalore,Bagaluru,4.920816894994051,5.244960796181355,7.003370894213947,9.451375147320483,0.5,1
Bangalore,Yeswanthpur,0.0988069993678054,0.2547043830192713,0.5419811551708884,0.3065851859964928,9.62,1
Bangalore,Block 5th Koramangala,0.1733412538990821,0.2335427317062991,0.286932452700765,1.930471535050454,9.01,1
Bangalore,Ayappa Nagar KR Puram,0.3599124015497667,0.3190461838306101,1.9421877378850636,1.980021983833783,8.6,0
Bangalore,Viveka Nagar,0.3496333241803048,0.2579379120466529,1.6659942677267907,2.4635815339774045,8.49,1
Bangalore,Doddathoguru,2.2608359017001702,1.0627776526894834,5.086904762253401,1.9152301764836832,6.63,1
Bangalore,BDA layout-HSR Layout,0.2798423644670414,0.140024691901432,2.0579248961335384,1.240194672472936,8.99,1
Bangalore,T Dasarahalli,0.0873019123896473,0.7520817085675807,4.37099062475913,0.0695991155918289,8.89,1
New Delhi,Sector 34 Rohini,2.5054595793942323,2.211126610100022,6.580713953119532,3.9931814118779543,4.91,1
Bangalore,HRBR Layout,0.0874661030486589,0.3419775482614229,1.4625342705071165,1.1256059221826122,9.14,1
Mumbai,Thakur Complex,0.1174101629832586,0.2692454098034517,0.3293522005953473,0.6705181678649507,9.49,1
Bangalore,Bengaluru Main Road,0.6092245160954608,0.693680893316721,1.5270074363548871,0.1176832470756448,9.01,1
Bangalore,Panathur,0.153982585593482,0.1940079582848537,2.4430190978229755,3.0894638499972213,8.29,1
Bangalore,Rustam Bagh Layout,0.3599124015497667,0.3190461838306101,1.9421877378850636,1.980021983833783,8.6,0
Mumbai,Poonam Nagar Jogeshwari East,0.2408340640442167,0.4298765532260596,1.2079963317886984,0.4911174675273269,9.22,0
Mumbai,Teen Batti,0.2408340640442167,0.4298765532260596,1.2079963317886984,0.4911174675273269,9.22,0
New Delhi,Sector A6 Narela,0.2960481441959034,3.6113164650064578,14.656357745203032,2.151323340188348,5.71,1
New Delhi,Mandakini Enclave,0.3482234521786417,0.2295055365288447,2.4510854113170324,1.6474060270900444,8.69,1
Bangalore,Chikkanna Layout,0.3957159136606938,0.3619614757770918,0.636352544443333,0.4825572046046699,9.31,1
New Delhi,Vishwakarma Colony,1.5408130795235646,0.3185326116790523,0.2267446875085833,1.128661840597813,8.46,1
Bangalore,Vasanth Vihar AWHO,0.3599124015497667,0.3190461838306101,1.9421877378850636,1.980021983833783,8.6,0
Bangalore,Kodigenahalli,0.3599124015497667,0.3190461838306101,1.9421877378850636,1.980021983833783,8.6,0
Bangalore,Bhyraveshwara Nagar,0.3599124015497667,0.3190461838306101,1.9421877378850636,1.980021983833783,8.6,0
Bangalore,Nagasandra Main Road,0.4741430196228115,0.1969295270142464,2.1962460341440377,0.9844322590157988,8.92,1
New Delhi,Greater Kailash 4 NRI Colony,0.4731735886372921,0.3447997877477552,1.9908699741107072,0.738340545660362,8.88,0
New Delhi,Satya Niketan,0.1421590175721543,0.4058947159627437,2.161175681610678,0.2178303144680487,9.31,1
Bangalore,Nallurhalli,0.1138751669351734,0.1697200547274456,1.3977218845024104,0.0,9.64,1
Bangalore,Huvinayakanahalli,7.051199164738808,7.407694682114316,8.733138216064992,11.613454620251494,0.19,1
Bangalore,Kadubeesanahalli,0.0110990876504886,0.0318759846061819,2.2823808511917085,3.252364330397981,8.42,1
Mumbai,Dahisar,0.3294274873972918,0.54836861565913,2.187127389436445,0.0,9.2,1
Bangalore,V Kallahalli,12.020354619692244,11.394689066195845,14.433145713593031,12.59026223047134,0.0,1
New Delhi,Greater Kailash 2 E Block,0.4731735886372921,0.3447997877477552,1.9908699741107072,0.738340545660362,8.88,0
New Delhi,Block B Rajouri Garden,0.4348161098285882,0.7234318520562469,0.8079823664849549,0.698360450781244,8.99,1
New Delhi,Gulmohar Park,0.6581167579882937,0.4367660947468147,1.0505348543112136,0.6150326148471016,9.0,1
Bangalore,Ring Road,0.675864906911553,0.4986467571544219,2.5144372751956774,2.0400600201151966,8.2,1
Mumbai,Gandhi Nagar Upper Worli,0.2408340640442167,0.4298765532260596,1.2079963317886984,0.4911174675273269,9.22,0
New Delhi,New Ashok Nagar,1.8955626728969197,0.0900216344441181,0.5445454110965969,0.0,8.74,1
Bangalore,Aditya nagar,0.9777721668695336,0.3147653746118246,1.0754113702924792,1.169012863226748,8.66,1
New Delhi,Model Town Phase 3,0.9883429696986124,0.258247322745594,2.963830646332692,0.6639953037673701,8.58,1
Bangalore,Vijaya Bank Layout Bommanahalli,0.3599124015497667,0.3190461838306101,1.9421877378850636,1.980021983833783,8.6,0
New Delhi,GTB Nagar,0.305423214641338,0.5423110632915635,1.9411159054271316,0.0,9.25,1
New Delhi,Sitapuri Extension 2,0.4731735886372921,0.3447997877477552,1.9908699741107072,0.738340545660362,8.88,0
Bangalore,Konanakunte,0.586150470747083,0.168670346044168,1.219282206442102,1.322436446531084,8.89,1
Mumbai,Oshiwara,0.4930299677282379,0.2020004785032728,0.1539958612706959,0.344046663487386,9.45,1
Bangalore,Sector 6 HSR Layout,0.0283034233009954,0.2090609964289817,1.702173472998191,1.053391280369777,9.23,1
Mumbai,Sion Hospital Colony,0.0,0.201053826748561,2.1312470547242226,0.5042649455201467,9.39,1
New Delhi,Acharya Niketan,0.1024544122501583,0.044683460218713,1.805142635149763,0.46904131160775,9.47,1
Bangalore,Mahalakshmipuram Layout,0.2113791951573612,0.0281398065058201,1.3084938338697885,0.4395791647186173,9.5,1
New Delhi,New Friends Colony,0.4031714112468701,0.4595866861663637,3.807876984873493,0.9394282339684358,8.6,1
Bangalore,Arekere,0.548587214305266,0.2976017367489664,0.4449452757119473,2.9775759708501868,8.34,1
New Delhi,Ashok Vihar Phase 1,0.3267820724636393,0.1345221985400574,1.4285426411012552,0.6868500845305113,9.26,1
New Delhi,Kiran Garden,0.4731735886372921,0.3447997877477552,1.9908699741107072,0.738340545660362,8.88,0
New Delhi,Lajpat Nagar 4,0.1496090638084544,0.0962809604460836,2.2209832894356127,0.3500796980608383,9.4,1
New Delhi,Anand Gram,0.4774248011831467,0.5886929046287767,2.8661066235789217,1.4336549764205824,8.45,1
New Delhi,Chittaranjan Park Block C,0.4731735886372921,0.3447997877477552,1.9908699741107072,0.738340545660362,8.88,0
Mumbai,Sector 9 Charkop,0.2735289624232054,0.2949042867687144,1.4454923060826352,1.2013016584341196,9.02,1
New Delhi,Baba Colony,0.1888782189337495,0.0269358392051334,2.1815815851177267,0.4830882421130302,9.36,1
Mumbai,Marve Road,0.7528075657230325,0.5747736719098496,2.4245042245087465,2.004844869448999,8.15,1
Mumbai,Pirojshanagar,0.5096477679163294,0.4220334839763422,0.8665335901032358,1.183144335965134,8.91,1
Bangalore,Suryanagar,11.215413788941124,10.041882766978086,13.934325285049804,10.55200052902684,0.0,1
New Delhi,Block BP Shalimar Bagh,0.305394666203767,1.0264042257345602,1.5993668517438058,0.8101739853876495,8.76,1
New Delhi,Ambedkar Colony Ambedkar Nagar,0.4731735886372921,0.3447997877477552,1.9908699741107072,0.738340545660362,8.88,0
Mumbai,Lal Bahadur Shastri Nagar Dahisar West,0.2408340640442167,0.4298765532260596,1.2079963317886984,0.4911174675273269,9.22,0
New Delhi,East of Kailash Block B,0.4731735886372921,0.3447997877477552,1.9908699741107072,0.738340545660362,8.88,0
Mumbai,Mankhurd,1.0778592454417897,0.3483105142950347,1.2167841163937847,0.0,9.0,1
Mumbai,Tarun Bharat Society,0.2408340640442167,0.4298765532260596,1.2079963317886984,0.4911174675273269,9.22,0
New Delhi,New Kondli,0.3357394519092197,0.3639039187187905,1.980943640340031,3.0197896880950577,8.19,1
New Delhi,Neb Sarai Saket,0.4731735886372921,0.3447997877477552,1.9908699741107072,0.738340545660362,8.88,0
Bangalore,Kumaraswamy Layout,0.4594203431814211,0.9395098519651188,2.6544293072751985,0.6191997485728628,8.62,1
New Delhi,Block 4 Subhash Nagar,0.2954526090681121,0.2068175591192264,1.105201083096032,0.8532292829891189,9.23,1
New Delhi,Vikaspuri Block J,0.4778993097401432,0.0949971145341146,1.1914788635676148,1.0511564066327364,9.09,1
Bangalore,Brigade Metropolis,0.4351571595848612,0.641130637666556,0.9178707011567258,0.3010219585668748,9.17,1
Bangalore,NelaMangala,13.024653347635413,13.031963756577944,20.61142246712505,14.060451006987911,0.0,1
Mumbai,Sindhi Colony Sion,0.3429354750999657,0.1116818943016234,1.6601535536015406,0.566706117003946,9.28,1
Mumbai,Govind Nagar Borivali West,0.2408340640442167,0.4298765532260596,1.2079963317886984,0.4911174675273269,9.22,0
Mumbai,Ghatkopar West,0.020697898111935,0.8652614097741063,1.2079963317886984,0.4321460579958325,9.21,1
Mumbai,Naidu Colony,0.3831370243668441,0.3819866736930671,0.7209404733656818,0.918706263862839,9.13,1
Mumbai,Bhayandar East,0.3202796106744365,1.385374455554054,2.2464130267622164,0.7160102930633914,8.51,1
Bangalore,Ganga Nagar Layout,0.0432175722919786,0.3406865442845069,2.1273471889344258,2.031090572222181,8.72,1
Bangalore,IVC Road,12.308485974510832,11.701429438878693,16.219714421750634,15.243058501236131,0.0,1
New Delhi,Dakshinpuri,0.363017776326649,0.6797489094068275,1.9050224662208888,2.5236595279122542,8.21,1
New Delhi,Janakpuri Block C2A,0.4731735886372921,0.3447997877477552,1.9908699741107072,0.738340545660362,8.88,0
New Delhi,Sunder Nagar,1.7923384480220512,0.5245364243154476,5.362597800218344,1.269905380763647,7.38,1
New Delhi,Sarita Vihar Pocket L,0.5733216541994391,0.3114510717389185,3.2655603377838056,0.3790141935463152,8.87,1
Bangalore,1st Block East,0.5014627912831995,0.2070648903617165,1.5136311028595075,1.1755918193181725,8.93,1
Bangalore,Sarjapura Attibele Road,0.3599124015497667,0.3190461838306101,1.9421877378850636,1.980021983833783,8.6,0
New Delhi,Jawahar Nagar,1.9075494607689036,0.8717245303886382,3.9754205814289554,0.3661897334685573,7.69,1
New Delhi,Sector 6 Rohini,0.3543802397445738,0.1899089725965128,0.5785678660931366,0.5448928161144715,9.4,1
New Delhi,Paryavaran Complex,0.1609702449492408,0.0625178728530979,2.4077990943596745,0.7775194998789141,9.22,1
Bangalore,Jakkuru Main Road,0.4611601496383058,0.4045328467106447,2.313696744474488,5.451268565185968,7.13,1
Bangalore,Vijayanagar,0.0476913782500351,0.1628121035133033,1.5769086422380498,0.0021055650590871,9.65,1
Bangalore,Jakkasandra Extension,0.5915285053772328,0.4371217223953322,1.772533175211792,2.465468770801889,8.24,1
Bangalore,Madhuranagara,1.3045954297898763,0.5976309800558575,1.7440193625610496,5.147752454362989,6.73,1
Bangalore,Gandhi Bazar,0.0698245328842766,0.208030854306403,2.337487470458387,0.6201296831772266,9.27,1
New Delhi,Punjabi Bagh East,0.7262238996648761,0.3933248201421628,1.3599635483785737,0.3918240936063347,9.02,1
Bangalore,Adugodi,0.249655004427075,0.1608293680627813,0.2122158450174663,3.0518404254579643,8.59,1
Bangalore,Michael Palya,0.3599124015497667,0.3190461838306101,1.9421877378850636,1.980021983833783,8.6,0
Mumbai,Hindu Colony,0.0895333778303653,0.0306407818144171,0.689957868716266,0.536620810842179,9.63,1
Mumbai,Abhyudaya Nagar,0.2656063187241133,0.1252704412284876,2.0407742108263327,0.3281435517283048,9.35,1
Bangalore,Brindavan Nagar Mathikere,0.3599124015497667,0.3190461838306101,1.9421877378850636,1.980021983833783,8.6,0
New Delhi,Block R Mohan Garden Razapur Khurd,1.2121646577290734,0.1362758669872034,3.5729235441724616,1.5935565881845122,8.07,1
New Delhi,Chittaranjan Park Block A,0.4731735886372921,0.3447997877477552,1.9908699741107072,0.738340545660362,8.88,0
Bangalore,Bank Colony Konanakunte,0.1377936992293097,0.3723650390345348,0.6612798150830342,0.7691286200173202,9.34,1
New Delhi,Dhirpur Village,0.4731735886372921,0.3447997877477552,1.9908699741107072,0.738340545660362,8.88,0
New Delhi,Shahpur Jat,0.5421626451385299,0.1602889628768904,1.078071934400609,0.8527670602418873,9.11,1
New Delhi,Shahdara,0.1844101096601801,0.4120155669789377,0.2648224843176597,0.0,9.64,1
Bangalore,Byatarayanapura New Extension,0.3599124015497667,0.3190461838306101,1.9421877378850636,1.980021983833783,8.6,0
Bangalore,Block 1st JayaNagar,0.1781515814146232,0.1525955992652633,1.5146100138764511,0.8421835352203679,9.27,1
Bangalore,Hoskote Road,2.2684994823181293,0.4105419026688064,2.718817813766022,2.091330380913541,7.24,1
New Delhi,Block BH Shalimar Bagh,0.305394666203767,1.0264042257345602,1.5993668517438058,0.8101739853876495,8.76,1
Bangalore,Jeevan Bima Nagar,0.3599124015497667,0.3190461838306101,1.9421877378850636,1.980021983833783,8.6,0
Bangalore,Bileshivale,2.0958865822629686,1.097451031289706,2.862987675901328,4.805889620776687,5.96,1
Mumbai,Anand Nagar Dahisar East,0.0914624750301217,0.3650644044244357,1.1707221396366088,0.1770458208691782,9.52,1
New Delhi,Shyam Vihar Phase 1,0.9501311649482396,0.1054495150825727,3.063146334535212,2.659633346828093,7.92,1
New Delhi,Old Shahabad Muhammad Pur,0.4731735886372921,0.3447997877477552,1.9908699741107072,0.738340545660362,8.88,0
Bangalore,Pai Layout Hulimavu,0.1906742062127021,0.4280635175331574,0.101782678806139,3.5160566663943307,8.34,1
Bangalore,Tavarekere BTM Layout,0.0790522021062011,0.2212842773652508,1.0037086478095656,0.9140084460384138,9.35,1
Bangalore,Basavanapura,0.5690869744331162,0.5778326642918908,2.059733063005782,1.930547126183571,8.34,1
New Delhi,Sector 5 Dwarka,0.3102337194729399,0.2888458446094652,1.5970573684535618,1.517638627563705,8.86,1
Mumbai,Gokuldham,0.3304533840288504,0.0696667170980522,0.6843381977529088,1.006871409516488,9.29,1
New Delhi,Karawal Nagar,0.6970009621544163,0.5548130748440055,4.9885929112070615,1.795542365374236,7.88,1
New Delhi,Adchini,0.672101535643273,0.5198680587090765,0.6267503666788912,0.9727572066023622,8.88,1
New Delhi,Padam Nagar,0.396716827668653,1.101591033577686,2.032523512843738,0.7068337401185576,8.64,1
New Delhi,Nizamuddin West,0.6474606752794132,0.3510567859456694,4.46902264277682,0.8086980555872708,8.46,1
New Delhi,New Mahavir Nagar,0.7761508611221689,0.672435881138792,0.8149958044388368,0.4110022163076998,8.92,1
Mumbai,Babhai Naka - Borivali West,0.2408340640442167,0.4298765532260596,1.2079963317886984,0.4911174675273269,9.22,0
Bangalore,Amrutahalli,0.1659381492606662,0.1268997181371646,1.2530830669883477,3.067254217776366,8.5,1
New Delhi,Old Palam Road,0.4731735886372921,0.4760870741198799,4.58427452276715,0.3475039031008828,8.66,1
New Delhi,Shalimar Bagh AG Block,0.4731735886372921,0.3447997877477552,1.9908699741107072,0.738340545660362,8.88,0
Mumbai,Gaikwad Nagar Malad West,0.2408340640442167,0.4298765532260596,1.2079963317886984,0.4911174675273269,9.22,0
Bangalore,Chunchanakuppe,10.306215952708644,8.742556061196012,14.047622126164574,10.102664524149358,0.0,1
Bangalore,Tata Nagar,0.5006166155947137,0.7301137655650825,0.2904295986878686,0.2843043903716085,9.18,1
Bangalore,Kadugondanahalli,0.3847750499104357,0.8984410663075557,2.4898644091452726,1.800556875288713,8.27,1
Mumbai,Ghodapdeo,0.5148962715093188,0.6650748850055325,2.005960299600452,0.3880427284917712,8.91,1
Mumbai,Agar Bazar,0.0928851069183143,0.2011084039162904,0.0584539537516633,0.4185804039238933,9.68,1
Bangalore,Kodigehalli,1.5609766160449456,0.5087642837682537,1.4985791972529212,2.066969087370011,7.81,1
New Delhi,Sector 6 Pocket 2 Dwarka,0.3095486048545948,0.1715380804869089,1.7810096455332334,1.1278163750814385,9.04,1
Bangalore,Green Woods layout,0.7268202897127132,0.0828212168031144,3.3424711009483543,4.693491104997995,7.26,1
New Delhi,Sector 4 Rohini,0.7938660417919058,0.3870466814208247,1.4799973186739217,1.4934925321671402,8.55,1
Bangalore,Hoysalanagar,0.3599124015497667,0.3190461838306101,1.9421877378850636,1.980021983833783,8.6,0
New Delhi,Bharat Nagar New Friends Colony,0.7317028552970052,0.6332927911741048,3.7792556138817113,0.8377446129789607,8.36,1
Bangalore,Tejaswini Nagar Phase 1,0.604953755420076,0.1478902153167368,2.0296710373449907,4.864694407820547,7.43,1
Bangalore,Kanaka Nagar,0.5546912222487594,0.063632364101001,2.0629821718831307,2.446222125224279,8.41,1
Bangalore,Hesarghatta Road,0.0808017585958486,0.2446837451876267,4.193192177841022,4.622742775397231,7.47,1
Bangalore,Block 3rd Narayana Nagar,0.3599124015497667,0.3190461838306101,1.9421877378850636,1.980021983833783,8.6,0
New Delhi,Rohini,0.8539635874935889,0.1657192932579736,1.2166232096530316,1.1569807552093772,8.79,1
Bangalore,ITPL Main Road,0.8249137551708455,0.4628044089811785,1.540515899846538,0.3263629560690214,8.92,1
Bangalore,Kattigenahalli,0.4373693693367756,0.4120742584491766,4.252539411023039,3.969347397252641,7.41,1
Bangalore,Banashankari stage 6,0.5084528581404101,0.111328166297199,3.4226913663490204,2.312580060733246,8.26,1
New Delhi,Sangam Vihar Wazirabad,0.4731735886372921,0.3447997877477552,1.9908699741107072,0.738340545660362,8.88,0
Bangalore,Thigalarapalya,1.564171410403552,1.2670772516609317,7.175180824762477,3.8735761032803455,5.9,1
Bangalore,Infantry Road,0.3725839020955233,0.2167415571438195,0.0603521166308634,0.5341549294303288,9.46,1
Bangalore,Basapura,0.5654089713278777,0.3514114879298083,3.2643216880129464,0.9262163723973176,8.65,1
Bangalore,Malleshwaram,0.2394933838855418,0.0686986008252575,0.2484171659360765,0.7781124368801532,9.49,1
Mumbai,Bhakti Park,0.9841131993751542,0.8684938158851481,3.8020899831802826,0.0,8.4,1
New Delhi,Chhattarpur Enclave Phase 2,0.1533932340318152,0.3275579977165158,4.402779805723291,1.0846039597164174,8.68,1
New Delhi,Nehru Enclave,0.2066894696166891,0.1944497269150865,1.5741959130840564,0.0,9.54,1
New Delhi,Co operative Group Housing Societies Pitampura,0.4731735886372921,0.3447997877477552,1.9908699741107072,0.738340545660362,8.88,0
Bangalore,Rainbow Drive,0.8378897796500732,1.128026884114224,2.547900357210837,2.0637208366350293,7.78,1
New Delhi,Prashant Vihar,0.1588013389449268,0.1439147540178745,0.2124277493151498,0.2309317419957705,9.71,1
New Delhi,Mahipalpur Village,1.1689185900287056,1.205874901561703,2.647878082473173,0.8409521445008735,7.98,1
New Delhi,Adhyapak Nagar,0.4731735886372921,0.3447997877477552,1.9908699741107072,0.738340545660362,8.88,0
New Delhi,Sector 18 Rohini,1.031514206963968,0.1779499726328597,2.1169240818404385,0.6792316499894201,8.72,1
Bangalore,Cooke Town,0.6986818699271388,0.1082534640397916,0.8141557894299294,0.5154170872162017,9.21,1
Bangalore,Basaveshwara HBCS Layout,0.0880407639393535,0.0446681727254323,2.447340638672869,1.373860201395858,9.04,1
Bangalore,MC Layout,0.176045538997152,0.2850084571447611,1.7364572399205018,0.2666019171810864,9.39,1
New Delhi,Kishan Ganj,0.3728472119059834,0.7823915952952764,2.0919328563905664,0.0,9.07,1
Bangalore,Silicon Town,0.4969878505585962,0.436096780814689,1.352292727075236,0.2771312823061305,9.18,1
Bangalore,Kasturi Nagar,0.7088332663225744,0.5432030355930192,1.4962707386127778,1.112046982557459,8.66,1
Bangalore,Marathahalli Sarjapur Outer Ring Road,0.3599124015497667,0.3190461838306101,1.9421877378850636,1.980021983833783,8.6,0
Bangalore,Rajanukunte,5.241560027582769,5.1164829322175525,8.367816561119112,7.92263015791826,0.27,1
Bangalore,Yemalur,1.5482370202965143,0.1900562637735585,2.209127229405735,4.984778899328637,6.78,1
New Delhi,Model Town,0.9883429696986124,0.258247322745594,2.963830646332692,0.6639953037673701,8.58,1
Mumbai,Mazgaon,0.3106677318593895,0.2607752908393859,2.3721638918216112,0.4832857683671201,9.15,1
New Delhi,Tigri,0.0890926294656487,0.8250880804180677,2.655132677142736,3.365286000993097,7.87,1
Bangalore,Kumara park West,0.3904401500341093,0.0911039051156965,0.779108998800507,0.7824870080149946,9.31,1
New Delhi,Shiv Nagar Extension,0.9054890824908252,0.144365009680145,3.258507332008735,0.4448519330253955,8.73,1
Mumbai,Santacruz,0.0550917398442389,0.5811552074964527,2.89824495046959,0.2639381321144702,9.14,1
Bangalore,Kalena Agrahara,0.8962959220220513,0.3236820354442244,1.204213779457853,4.024089783726737,7.61,1
Bangalore,Devappa Layout,1.1906065475305048,0.2300200832624236,4.061890777234616,2.392211749258515,7.66,1
New Delhi,Greater Kailash Enclave 2,0.9223006193940712,0.1482488817655721,1.30744594239643,0.3028782901141169,9.06,1
Mumbai,Pathanwadi,0.1476602995354105,0.8032052379643558,0.5716714102945547,0.4313434219997518,9.26,1
New Delhi,Panchshil Enclave,0.4731735886372921,0.3447997877477552,1.9908699741107072,0.738340545660362,8.88,0
New Delhi,New Multan Nagar,0.4731735886372921,0.3447997877477552,1.9908699741107072,0.738340545660362,8.88,0
Bangalore,D Group Layout,1.1208362953307764,0.3429040242878703,5.040661095041843,4.160666616431082,6.84,1
Mumbai,Kurar Village,0.2408340640442167,0.4298765532260596,1.2079963317886984,0.4911174675273269,9.22,0
Bangalore,Cleveland Town,0.1786186765246779,0.0744475604864048,1.275129017637422,1.0757859669569048,9.26,1
Bangalore,Koramangala Block 4,0.2033268922704771,0.2675301491638186,0.5007056724304838,2.1637211864478925,8.86,1
Bangalore,Chowdeshwari Layout Marathahalli Village,0.3599124015497667,0.3190461838306101,1.9421877378850636,1.980021983833783,8.6,0
New Delhi,Wazir Nagar,0.1448293468992811,0.0741437244836161,2.590878000903486,0.5291301736489483,9.29,1
New Delhi,Lajwanti Garden,0.5388357303721667,0.5068425705145368,3.2426443293683094,0.8357035541003325,8.62,1
Bangalore,Patteghar Palya Main Road,0.0424772628087215,0.5913069737752846,2.8218600455998115,1.3906547280996806,8.73,1
Bangalore,Kengeri,0.3716520912912371,0.4503927593981494,3.293376055804376,0.0,9.06,1
Bangalore,Maruthi Nagar Yelahanka,0.5367593401554287,0.2837631370626147,1.62405540403701,1.7498652135365085,8.64,1
Bangalore,Chikkalasandra,0.5696998999530969,0.413951549009003,2.996575966111588,2.812511778078503,7.95,1
Bangalore,Nandini Layout,0.6375755627319658,0.6865723671309178,2.141582812815576,1.7529754964559727,8.3,1
New Delhi,Ganga Vihar,0.9544127775864066,0.2776940260417731,3.362815830651619,2.6639899385093915,7.79,1
Mumbai,Chakala,0.6305509429675449,0.2087922609240086,3.6862817877502185,0.5672649029256521,8.75,1
Mumbai,Nalasopara East,0.1932963115633456,0.7290346972087652,0.5423686851112232,0.1138943726480305,9.4,1
Bangalore,Kaikondrahalli,0.0465427711457858,0.0347234357834665,1.3969882998885896,3.150942315071926,8.56,1
Bangalore,Chikkagubbi Village,2.7262751343043545,1.2308240322261632,2.464918573470303,7.653582626574843,4.51,1
New Delhi,Sainik Farm,1.5585744234281578,0.9771087503921538,2.6303526911019146,2.3630293973608807,7.3,1
Mumbai,Sector 8 Charkop,0.2735289624232054,0.2949042867687144,1.4454923060826352,1.2013016584341196,9.02,1
New Delhi,New Ranjeet Nagar,0.6615008977625073,0.5460096737387382,1.7894154263946844,0.573828889608534,8.85,1
Bangalore,AECS Layout Block A,0.5637506640058663,0.1175820728938908,0.6963189985969958,0.9231530376228048,9.15,1
Bangalore,Battarahalli,0.5010753439083968,0.4199964336873172,1.872755605461918,1.7696956594558215,8.54,1
Mumbai,Jankalyan Nagar,0.033100306902166,0.3725586836145241,3.2567494354337576,0.5564917612344435,9.1,1
New Delhi,Sector 3 Dwarka,0.8567700347474808,0.5816205938257417,1.1949715637782343,1.1388761436142627,8.59,1
Bangalore,Banashankari Stage 3,2.6524658456959846,1.1924141908866677,2.738476552593828,2.902763451346181,6.31,1
Bangalore,Kengeri Main Road,0.2119714210688431,0.2480035674342217,4.383595394325459,3.039207501726598,7.95,1
Bangalore,Doopanahalli,0.2123265075657668,0.0479034779463736,2.0471778466304973,1.2137719797357178,9.09,1
Mumbai,Park Road,0.4750606021860982,0.5190722426804033,3.0958717964873506,1.4577926419312228,8.44,1
Mumbai,Juhu Scheme,0.1201859553202801,0.4489472576207745,2.331519769918615,1.3456242481018157,8.85,1
New Delhi,Old Mahavir Nagar,0.4731735886372921,0.4760870741198799,4.58427452276715,0.3475039031008828,8.66,1
Bangalore,Puttanahalli,0.6155724151628209,0.7473428525205879,1.7655890525319562,1.784229685436406,8.32,1
Bangalore,Rajajinagar Stage 2,0.1299588977818938,0.3504120789787099,0.3737437144461114,0.634766483113706,9.45,1
Mumbai,Fort,0.2197094008067824,0.4168364380483825,0.956395054901381,1.0043050230200052,9.14,1
New Delhi,Shakarpur,0.3072372988347228,0.394595101241268,1.005242985812757,0.3666228896281644,9.33,1
Bangalore,Vagdevi Layout,0.3599124015497667,0.3190461838306101,1.9421877378850636,1.980021983833783,8.6,0
New Delhi,Old Govindpura,0.4731735886372921,0.3447997877477552,1.9908699741107072,0.738340545660362,8.88,0
Bangalore,Wilson Garden,0.0122115491619197,0.0728591505886308,1.4189413567150384,1.841367671074801,9.05,1
Bangalore,Kodichikknahalli,0.3599124015497667,0.3190461838306101,1.9421877378850636,1.980021983833783,8.6,0
Bangalore,Old Madras Road,0.4218901355458475,0.4196748524981991,1.404342432080913,1.242610865640665,8.86,1
New Delhi,Mohammadpur Majri,1.0694768103498504,1.936185645278991,7.011777858182309,4.388238902313574,5.69,1
Bangalore,Nandi Hills,0.3599124015497667,0.3190461838306101,1.9421877378850636,1.980021983833783,8.6,0
Bangalore,Anjanadri Layout,0.5641183353546461,0.6064605565911573,2.810194025205791,2.7089846880966406,7.92,1
Mumbai,Mira Bhayandar,3.472625000664197,3.146689369236954,5.788137642596183,2.9139506621766547,4.38,1
Mumbai,MR Society,0.3266321049281295,0.4858979101164299,1.1869851868222911,0.3240362113662534,9.26,1
Bangalore,Silver Oak Layout,0.3085120194551749,0.2300897687062852,2.600182154592544,2.226310385296943,8.47,1
Mumbai,Geeta Nagar Mira Road East,0.2851125070829885,0.6529277307524965,1.5529493949192694,0.9157871823540664,8.93,1
Mumbai,LBS Road,0.05349248361123,0.2659038508054301,0.4797151743580677,1.6434673435030094,9.15,1
Bangalore,Ashwini layout,0.3580190137654699,0.1677666797269998,0.2294302215625035,2.7201875384395717,8.65,1
New Delhi,Kamla Nagar,0.3279500615825444,0.0877500355193263,0.0188014114383532,1.3944621124421166,9.23,1
New Delhi,Sector 5 Rohini,0.3188939137000334,0.2756915033576687,0.8597619384554013,0.188168604472264,9.47,1
New Delhi,Mayur Kunj,0.4731735886372921,0.3447997877477552,1.9908699741107072,0.738340545660362,8.88,0
Bangalore,Vittasandra Main Road,1.4816217932722426,0.9295695844162498,3.85689118071822,2.381064715370352,7.17,1
Bangalore,Kengeri Satellite Town,0.1979982276879097,0.5083318469029801,3.4515637447861693,0.5939253429566981,8.89,1
Bangalore,Horamavu Main Road,0.6691107421693214,0.0217243949879695,0.7469130929512608,2.241366772078692,8.64,1
Bangalore,Amarjyoti Layout-Domlur,0.3599124015497667,0.3190461838306101,1.9421877378850636,1.980021983833783,8.6,0
Mumbai,Kolivery Village,0.1621978018828451,0.9641978397978664,2.321685138973725,1.808667996619114,8.39,1
Bangalore,Madavara,1.3454610180564002,2.726008155711788,8.9991340894408,2.4818601978275727,5.55,1
New Delhi,Molarband Extension,0.4731735886372921,0.3447997877477552,1.9908699741107072,0.738340545660362,8.88,0
Mumbai,Parekh Nagar Kandivali West,0.2408340640442167,0.4298765532260596,1.2079963317886984,0.4911174675273269,9.22,0
New Delhi,Golf Course Road,1.957369368482645,0.6884822229791058,4.687817441642879,0.763966225647517,7.49,1
New Delhi,Gandhi Vihar,1.1706017637225523,0.7394633325156493,4.550043568551902,0.4761814423650135,8.07,1
Mumbai,Deonar,0.2088125454781832,0.4294628437561583,3.0679600931061897,0.1931397518735482,9.13,1
Mumbai,Premier Residencies,0.256396309636851,0.4757677350544512,0.3769936723716475,1.1765288631161137,9.11,1
Bangalore,Bommasandra Jigani Link Road,6.566282821693699,5.270188175851156,9.367930682044816,5.894427612075337,0.88,1
New Delhi,Laxmi Vihar,0.8223983057143752,0.2933304000784937,1.8179138120634093,0.8083947061042793,8.78,1
Mumbai,Evershine Millennium Paradise,0.1977266408338961,0.3459135625653548,0.6145516089810836,0.7553189209191794,9.33,1
New Delhi,Dhaka Village,0.4731735886372921,0.3447997877477552,1.9908699741107072,0.738340545660362,8.88,0
Mumbai,Goregaon,0.1798965196434263,0.2426464294043226,0.4874527121515088,0.0,9.7,1
New Delhi,Shalimar Bagh Poorvi,0.4731735886372921,0.3447997877477552,1.9908699741107072,0.738340545660362,8.88,0
New Delhi,Kishangarh Village,0.6052648047705207,0.5305620499694927,2.677285223053869,1.6369873248514186,8.36,1
Mumbai,Vasai,2.507752635096467,4.32002710562863,7.695902726978725,2.4565733185696064,4.26,1
Mumbai,Parel Village,0.3007881325534773,0.1448162627556712,2.128227757346271,0.1917351428161212,9.36,1
New Delhi,Bhajanpura,0.6171769558334518,1.9895437173845507,3.252496137855178,0.3074659166994086,8.03,1
Bangalore,Chikkabellandur,0.3599124015497667,0.3190461838306101,1.9421877378850636,1.980021983833783,8.6,0
New Delhi,Shakarpur Khas,0.4731735886372921,0.3447997877477552,1.9908699741107072,0.738340545660362,8.88,0
Bangalore,Gollarahatti,0.5973494886971829,0.1326526874163186,7.575475795770899,7.083401893008438,5.78,1
New Delhi,Sheikh Sarai,0.1955872623386767,0.3103147323153217,0.8657281818287451,0.6193801013843242,9.37,1
Mumbai,Yari Road,0.2921212852356258,0.6512122236939416,2.4555853275992185,1.7935417882398206,8.46,1
New Delhi,Chandan Hola,2.206567102086942,1.034791761124337,7.536479024640911,4.0170582891428745,5.52,1
Bangalore,Banashankari 6th Stage-11th Block,0.9074950456893244,0.1962344358263202,0.9539729969616272,2.7844251267550093,8.17,1
New Delhi,Chawri Bazar,0.3137410074553731,0.7664241034044535,0.8910820143184041,0.3276901022892634,9.17,1
Mumbai,Gorai,1.4798102539053033,1.1368204636553063,2.6160612675735475,2.390785636175108,7.25,1
New Delhi,Madan Park,0.4731735886372921,0.3447997877477552,1.9908699741107072,0.738340545660362,8.88,0
Bangalore,ITI Layout,0.1375583451662215,0.7253578254207689,2.496806744613953,1.4417705126027804,8.64,1
Bangalore,Dasarahalli Main Road,0.0294263398837296,0.3248276927759931,1.2060200601043465,2.261073972038746,8.79,1
Bangalore,Nehru Nagar,0.4777898070243316,0.7516846500260291,0.6491922331688932,0.7571591847068397,8.96,1
Mumbai,Ramgad Nagar Mulund West,0.2408340640442167,0.4298765532260596,1.2079963317886984,0.4911174675273269,9.22,0
Mumbai,Shanti Park,0.685951849746759,0.3580274555832268,0.9032565816682196,1.5834774133178722,8.68,1
Mumbai,Perry Road,0.4652972708284453,0.1828166941388033,2.5022228248942637,1.393759842713951,8.73,1
New Delhi,Jangpura Extension,1.0140364525386636,0.157069400349172,3.760039368825258,0.3218335355569888,8.63,1
Bangalore,Kariobanahalli,0.3599124015497667,0.3190461838306101,1.9421877378850636,1.980021983833783,8.6,0
Bangalore,Malleshpalya,0.1248389602638372,0.2457325531390323,2.3865312685859985,2.539278572293136,8.49,1
New Delhi,Aliganj,0.257639318660522,0.2449895455974821,2.84409493440963,0.4025313870598146,9.15,1
Bangalore,Uttarahalli Main Road,0.8607724265141765,0.1981998601415137,0.9199503556134012,2.884616694222235,8.16,1
Bangalore,Bellandur-Marathahalli,0.9051496104170392,0.9416929083514954,1.19489795782792,4.155216511528343,7.25,1
Bangalore,B Narayanapura,0.7804202092462432,0.210902735647906,1.1687678849645269,0.8058164120685196,8.95,1
Bangalore,Kumbalgodu,0.3599124015497667,0.3190461838306101,1.9421877378850636,1.980021983833783,8.6,0
New Delhi,Mianwali Nagar,0.4731735886372921,0.3447997877477552,1.9908699741107072,0.738340545660362,8.88,0
Mumbai,Sangharsh Nagar,0.7281579415053273,0.5960927590690782,1.580933797751903,1.1348389539258623,8.6,1
New Delhi,Ansari Nagar West,0.4731735886372921,0.3447997877477552,1.9908699741107072,0.738340545660362,8.88,0
Bangalore,EPIP Zone,0.2561669998667156,0.0445329582387047,1.3342727388449078,0.1744474701689105,9.56,1
Bangalore,G Block Sahakar Nagar,0.3599124015497667,0.3190461838306101,1.9421877378850636,1.980021983833783,8.6,0
Bangalore,Lakshminarayana Pura,0.3599124015497667,0.3190461838306101,1.9421877378850636,1.980021983833783,8.6,0
New Delhi,Amrit Nagar,0.5043056170666926,0.1759084596886666,1.5244031106174154,0.2143893451840648,9.3,1
New Delhi,Lok Vihar,0.7309808864935841,0.2334524917746863,0.9885195085694786,1.6872324035484016,8.66,1
Bangalore,Chinnapanna Halli,0.3599124015497667,0.3190461838306101,1.9421877378850636,1.980021983833783,8.6,0
New Delhi,Tagore Garden Extension,0.6427515575781054,0.6751582100474237,0.5706474508089302,0.8057782246042895,8.89,1
Bangalore,Hennur Bagalur Main Road,3.919824230103741,4.409222426834852,5.779565408762594,8.56466934007439,1.58,1
Bangalore,Kaveri Nagar,0.1198333276127173,0.4057784340571591,2.537335612035528,2.7619693087695576,8.31,1
New Delhi,Yojna Vihar,0.4731735886372921,0.3447997877477552,1.9908699741107072,0.738340545660362,8.88,0
Bangalore,Royal Shelters,0.3599124015497667,0.3190461838306101,1.9421877378850636,1.980021983833783,8.6,0
Mumbai,Mandvi,0.034420025296502,0.374852783373669,0.9789046758594638,0.2338224451686618,9.56,1
Bangalore,Iblur Village,0.3599124015497667,0.3190461838306101,1.9421877378850636,1.980021983833783,8.6,0
Bangalore,OMBR Layout,0.2297798124406942,0.1992908076898033,1.962080283342461,1.1603639712201217,9.03,1
Bangalore,Gattahalli,4.601006927413441,3.409231479491276,5.756494125335975,4.329877109535135,3.05,1
New Delhi,Pochanpur Colony,0.4731735886372921,0.3447997877477552,1.9908699741107072,0.738340545660362,8.88,0
New Delhi,Palam Extension,5.4690264379172975,1.9546418432721284,6.043414604405566,4.1749105795053065,3.55,1
Bangalore,LBS Nagar,0.1372745178768629,0.2749270645860074,1.1868040707908225,0.6052357336751126,9.38,1
Bangalore,Immadihalli,1.3104385482710492,0.2341739095618407,1.3890139429533477,2.494208105673503,7.95,1
New Delhi,Block T West Patel Nagar,0.4731735886372921,0.3447997877477552,1.9908699741107072,0.738340545660362,8.88,0
Mumbai,Azad Nagar Andheri East,0.2408340640442167,0.4298765532260596,1.2079963317886984,0.4911174675273269,9.22,0
Bangalore,NR Colony,0.2232516249460276,0.1037919105311066,0.3639348326048641,2.689052165801891,8.75,1
Mumbai,Worli Naka,0.2251503645142126,0.0,0.9252970020035828,0.430957057147823,9.56,1
Bangalore,Kodihalli,0.3239555819308986,0.0963091905497097,1.2773417565748395,1.8279680145801136,8.88,1
Mumbai,Kondivita Village Andheri East,0.1698322574510718,0.3427229760865706,3.4742898821396677,0.367310419720663,9.07,1
New Delhi,Bhagwati Garden Extension,0.4740740068755838,0.9758868853369718,2.486105297744253,0.4882973836994094,8.67,1
Bangalore,Syndicate Bank Colony,0.4133000232149741,0.595305833702863,2.596317733143985,1.3731132681357552,8.55,1
New Delhi,Jasola Vihar,0.3222641544260211,0.4347454761191496,4.54485110872023,0.6234255542978373,8.67,1
Bangalore,Dooravani Nagar,0.3785465541940074,0.5084151176038653,1.4037282180361028,0.5755398632264868,9.09,1
New Delhi,Jasola,0.3222641544260211,0.4347454761191496,4.54485110872023,0.6234255542978373,8.67,1
Bangalore,Tavarekere,0.2773162539605515,0.1328990815777581,0.5553600258489303,0.5514276493574995,9.48,1
Bangalore,MS Palya,0.164903677577055,0.3379584098080629,4.24356453133559,4.5407317830079545,7.39,1
Mumbai,Borivali,0.3150151729683808,0.3255337021896175,0.193871490354253,0.0,9.62,1
Mumbai,Masjid Bandar West,0.2408340640442167,0.4298765532260596,1.2079963317886984,0.4911174675273269,9.22,0
New Delhi,Daya Basti,0.3533396435382663,1.5266989915532987,1.153365623269042,0.3041384631246359,8.74,1
Mumbai,Virar East,0.1724395905011948,1.2689529435086415,1.5831658818359065,0.388437156998738,8.88,1
Bangalore,RBI Layout,0.5218581927291531,0.2314590733444232,1.5323948900965507,1.7899987286801051,8.67,1
Bangalore,ISRO Layout,0.7101159467800781,0.3801287188612244,1.209008256373577,1.101445552285374,8.79,1
Bangalore,Binny Pete,0.3599124015497667,0.3190461838306101,1.9421877378850636,1.980021983833783,8.6,0
Bangalore,Ramanjaneyanagar,0.3599124015497667,0.3190461838306101,1.9421877378850636,1.980021983833783,8.6,0
Bangalore,BDA Lay Out Chandra Layout,0.3599124015497667,0.3190461838306101,1.9421877378850636,1.980021983833783,8.6,0
Bangalore,Doddanagamangala,0.6708446710630671,0.636158503043972,3.24772135428455,0.7786913813912505,8.5,1
Bangalore,Huskur,5.269734728876767,4.057601970894002,6.6308564677581385,5.185077733154272,2.03,1
New Delhi,Lado Sarai,0.4547651640766726,0.2893233945634113,2.031332346697347,1.0999958195730914,8.87,1
Mumbai,Bhandup Village Road,0.0597969581751502,0.5718852756426592,0.9132291219090746,0.6974122519849218,9.28,1
Bangalore,Vyalikaval,0.3302782257807351,0.3065245192496153,0.6296822954937707,1.3298611184569138,9.06,1
Mumbai,Bangur Nagar,0.0385627820493772,0.3534166776095658,0.5426621433213488,0.0,9.72,1
Mumbai,Veera Desai Industrial Estate,0.2162730599279965,0.9083275606564016,0.4783927746036811,0.5458677387920804,9.14,1
Bangalore,Chokkanahalli,0.9336049214742252,0.3712746234943119,1.8820569617039604,4.340401733949984,7.34,1
Mumbai,Jijamata Road,0.213032452414388,0.4906375301114075,3.1572819987014147,0.5793946409887992,8.94,1
Bangalore,Moodalapalya,0.2798178937564157,0.8766480840698645,3.271596639916675,1.7238694163989738,8.26,1
New Delhi,Bawana,0.2566495744689023,0.6980076370981015,11.585985117645052,6.785061234208017,5.45,1
New Delhi,Sultanpur,2.2088933395864063,1.153601426578498,4.719668306136806,0.0,7.39,1
New Delhi,Janak Park,0.1015478956430495,0.1783535604279773,1.7454322886761036,1.5597510882543346,9.0,1
Mumbai,Mulund,0.1718688716941387,0.1070872858143095,1.18390634458017,0.0,9.67,1
Bangalore,Nagasandra,0.7148733240414887,0.3606907723775813,5.870148155416153,0.0,8.51,1
Mumbai,Shivaji Park,0.302409444182447,0.2338525374830835,0.6196458461772032,0.4155395351583451,9.45,1
New Delhi,Block W 22 South Sainik Farm,0.4731735886372921,0.3447997877477552,1.9908699741107072,0.738340545660362,8.88,0
New Delhi,Madhu Vihar Patparganj,0.4731735886372921,0.3447997877477552,1.9908699741107072,0.738340545660362,8.88,0
Bangalore,Manorayana Palya,0.1892558575826709,0.2969503561067141,2.5622962251570667,2.5878423034672804,8.38,1
New Delhi,Sai Baba Mandir Road,0.7910386019431064,0.3109368589795379,1.1375867530576644,0.7005565636136815,8.94,1
Bangalore,Thindlu,0.9651365722586986,0.8918826170799045,2.0124733937149557,3.5758213821575,7.33,1
Bangalore,Kammasandra,6.71496751236797,5.858757606113865,6.592610994194781,6.467927127795857,1.09,1
New Delhi,Pocket 5 Sector 22 Rohini,0.4731735886372921,0.3447997877477552,1.9908699741107072,0.738340545660362,8.88,0
New Delhi,Block B West Patel Nagar,0.4731735886372921,0.3447997877477552,1.9908699741107072,0.738340545660362,8.88,0
Mumbai,Raje Sambhaji Nagar,0.1541604073493545,0.130966425225159,1.9041663270845,0.9126735435710132,9.21,1
New Delhi,Janakpuri Block A2,0.4731735886372921,0.3447997877477552,1.9908699741107072,0.738340545660362,8.88,0
Mumbai,Saibaba Nagar Borivali West,0.2408340640442167,0.4298765532260596,1.2079963317886984,0.4911174675273269,9.22,0
Mumbai,Linking Road,0.0252861344896966,0.6469744153079794,4.261775140036291,1.01634788564358,8.64,1
Bangalore,Medi Agrahara,2.3674526486103327,1.7261435002498444,6.886320313952287,3.531285031831573,5.36,1
Bangalore,Canara bank Layout,0.2826160830264404,0.2783122982478279,1.3162984156916948,3.017460923779585,8.36,1
Bangalore,Jalahalli East,1.0281455725805582,0.6827346085457676,3.7025577969596064,2.426237132344124,7.58,1
Bangalore,HBR Layout Block 3,0.3002675093481282,0.3010860868100612,3.472670805884727,2.908457587738358,8.06,1
Mumbai,Danda,1.050709915469192,0.4962086758262415,3.807503162705605,1.9832244067688305,7.81,1
New Delhi,Gokalpur East,0.9446330653327928,0.5915515938578476,1.783306422957177,0.6882334540810542,8.61,1
New Delhi,Sector 8 Rohini,0.2179182607145449,2.3762389227186252e-09,0.722872388085313,0.9062835173046478,9.42,1
Bangalore,Raghuvanahalli BCMC Layout,0.3599124015497667,0.3190461838306101,1.9421877378850636,1.980021983833783,8.6,0
Mumbai,Unnat Nagar Goregaon West,0.16930157902704,0.7048391180716139,0.3455791249637188,0.8038491674368371,9.19,1
New Delhi,Vikaspuri Block H,0.4778993097401432,0.0949971145341146,1.1914788635676148,1.0511564066327364,9.09,1
New Delhi,Shivalik Road,0.7153963674419102,0.8974927965488233,1.414382465896214,0.2990833264150093,8.8,1
New Delhi,East of Kailash Block F,0.4731735886372921,0.3447997877477552,1.9908699741107072,0.738340545660362,8.88,0
Mumbai,Sayani Road,0.0327488386879588,4.344324595333501e-06,0.5488635674942703,0.2628370534988833,9.8,1
New Delhi,Vijay Vihar,0.9993752800156834,0.4413146766654692,1.632838147515159,1.365863189694014,8.42,1
New Delhi,IGNOU Main Road,1.077400196903874,1.0090066122665502,3.650889379255272,1.6963194802754291,7.67,1
Bangalore,Munikalappa Layout,0.3599124015497667,0.3190461838306101,1.9421877378850636,1.980021983833783,8.6,0
Mumbai,Khatau Estate,0.2166948954205629,0.5207280555207822,0.7370884726987845,0.5743742881328022,9.28,1
Bangalore,Old Guddadahalli,0.4731105600870784,0.1720970434652412,0.8311675813839955,1.0631752718105658,9.11,1
Mumbai,Ganesh Nagar Kalaram Nagar,0.2408340640442167,0.4298765532260596,1.2079963317886984,0.4911174675273269,9.22,0
New Delhi,Paschim Puri,0.4731735886372921,0.3447997877477552,1.9908699741107072,0.738340545660362,8.88,0
Bangalore,Mathrushree Layout Doddamuniswamy Reddy Layout,0.3599124015497667,0.3190461838306101,1.9421877378850636,1.980021983833783,8.6,0
New Delhi,Mahavir Enclave Part 2,0.4731735886372921,0.3447997877477552,1.9908699741107072,0.738340545660362,8.88,0
New Delhi,Geeta Colony,0.387601409309248,0.4322931536365299,1.912580808225046,1.6539985068141545,8.64,1
Bangalore,Thurahalli,0.3599124015497667,0.3190461838306101,1.9421877378850636,1.980021983833783,8.6,0
New Delhi,Outram Lines,0.2470633844227185,0.4451166391687707,2.3680095029374866,0.4290560117658991,9.11,1
New Delhi,Shahbad Daulatpur Village,0.786090457171445,1.2675287440301737,3.072023583701895,2.0991980905361824,7.65,1
Bangalore,Sudhama Nagar,0.4282465286254386,0.2881507261600655,0.6708470551398823,2.980052825588232,8.38,1
New Delhi,Azad Market,0.726384279666567,0.0817923688786917,2.001294656877031,0.3647466634058737,9.09,1
Bangalore,Hennur Bande Road,0.0696509415653806,0.2458183900755358,2.461752933136848,3.672626133740918,8.09,1
Bangalore,Sannatammanahalli,0.3599124015497667,0.3190461838306101,1.9421877378850636,1.980021983833783,8.6,0
Bangalore,Varthur Kodi,0.2096979069046153,0.7229608625869703,0.4406920781557934,3.182066138492525,8.25,1
New Delhi,Dera Mandi,6.50158042093272,0.9030809960365388,9.104806735707088,5.068994514117288,3.28,1
Bangalore,Richards Town,0.5396275159241204,0.2174995010443479,1.7206869853751348,0.3708076443750137,9.17,1
New Delhi,Virender Nagar,0.4731735886372921,0.3447997877477552,1.9908699741107072,0.738340545660362,8.88,0
Bangalore,RPC Layout,0.2316458834201863,0.1865775884572841,1.9281484375813085,0.2683085542382716,9.38,1
Bangalore,Haralur,0.5341557293550421,0.0768241319674563,1.373027160695523,3.271501592979384,8.21,1
New Delhi,Hari Enclave,0.9118800567815046,0.1681347967259809,1.9799570561702216,0.5953044771476379,8.85,1
Bangalore,Bagalur Sarjapur Road,0.3599124015497667,0.3190461838306101,1.9421877378850636,1.980021983833783,8.6,0
New Delhi,Ashok Vihar Phase 2,0.1994791734709865,0.5206592638839,1.8302169227542373,0.8788665530272713,9.02,1
New Delhi,Krishna Nagar Karol Bagh,0.5416466876576418,0.137370745249861,1.08908780085819,0.4345662103393568,9.28,1
New Delhi,Lajpat Nagar 3,0.1403263816979538,0.1001040855444849,2.2215558992847293,0.3373354658319115,9.41,1
Bangalore,Coffee Board layout,0.3504998809713892,0.267287309632988,1.380959790351071,2.3157763241057245,8.58,1
New Delhi,Ashok Nagar,0.6483676812803709,0.5538711409936841,0.8311480340182749,0.5230731693176266,9.01,1
New Delhi,Nehru Vihar,0.7458474982179859,0.4247274485499391,3.73188322441862,0.6150280442943576,8.55,1
Bangalore,Atmananda Colony,0.3599124015497667,0.3190461838306101,1.9421877378850636,1.980021983833783,8.6,0
Bangalore,Nayandahalli,0.1618152804559416,0.5103096629443402,0.435651341470765,0.0,9.58,1
Mumbai,Gilbert Hill,0.4123882794248261,0.2965556458737356,1.4813834324705657,0.6975096947651478,9.12,1
Bangalore,Maithri Layout,0.9050829806523062,0.2230683528217439,1.8418411825670955,0.3586595146779857,8.93,1
New Delhi,Dwarka Sector 19B,1.045142406882956,1.5550848891550038,1.5555473444808663,1.471602283781744,7.81,1
Bangalore,Matadahalli,0.3980833923585247,0.1983652041077198,2.352261867429362,2.2512853946236118,8.46,1
New Delhi,Nangli Vihar,0.4731735886372921,0.3447997877477552,1.9908699741107072,0.738340545660362,8.88,0
Mumbai,Devidas Road,0.2192961269897292,0.1345455296807284,1.0811240230047827,1.0007581899753255,9.26,1
Bangalore,Thyagaraja Nagar,0.3493211660088821,0.3456237560009313,2.5142249281458207,1.3004729151494074,8.75,1
Mumbai,Nalasopara West,0.0,0.3339659481091757,0.7441803060133863,0.4292044623047699,9.56,1
Bangalore,Richmond Road,0.1975366317728613,0.1041602300073026,0.4483908072041845,1.015787119414422,9.38,1
New Delhi,Uttam Nagar Nawada,0.7033461206165541,0.262519351058686,0.831108068740701,0.0,9.32,1
New Delhi,Sector 2 Dwarka,0.2950199499153326,0.2367610587557171,0.6190283411462026,1.2647646462846311,9.14,1
New Delhi,Paschim Vihar Block B2,0.7092497243627176,0.3456618940114329,3.183123203758578,1.1745952001516144,8.48,1
Bangalore,Silver County Road,1.3644269569571648,0.1267345366836748,1.0953599373424576,2.6801395543203674,7.95,1
Bangalore,Hanumanthappa Layout Sivanchetti Gardens,0.3599124015497667,0.3190461838306101,1.9421877378850636,1.980021983833783,8.6,0
New Delhi,Anand Parbat,0.8188152706494364,0.7948077813409672,1.436466635949191,0.7699460566297307,8.61,1
New Delhi,Shanti Vihar,0.5310254674092145,0.2628356888047902,0.5015271111969346,0.4820659549896674,9.29,1
New Delhi,Old Gupta Colony,0.8298859308241835,0.5404525284166568,1.3463769811727997,0.9522222674658976,8.67,1
New Delhi,Surya Enclave,0.163740988912811,0.3151870059960044,2.2420114651086296,0.7756703962417243,9.12,1
Bangalore,Kada Agrahara,7.288232737380344,6.977402604576045,7.262641232342439,7.776936268579806,0.49,1
New Delhi,Kucha Pati Ram,0.3813745023289068,0.4699050931610812,1.1947232698325303,0.1788784419978259,9.29,1
Mumbai,Naigaon West,0.2408340640442167,0.4298765532260596,1.2079963317886984,0.4911174675273269,9.22,0
Bangalore,AECS Layout Block D,0.1431580928001044,0.116051716768796,0.4510226196051555,1.4990648719238893,9.23,1
New Delhi,Friends Colony West,0.4731735886372921,0.3447997877477552,1.9908699741107072,0.738340545660362,8.88,0
Bangalore,Kothnoor Dinne,0.3599124015497667,0.3190461838306101,1.9421877378850636,1.980021983833783,8.6,0
Bangalore,Jalahalli,0.5728021755528092,0.6020580469589412,3.54743855717207,0.0,8.82,1
New Delhi,Prahlad Pur Banger,0.4731735886372921,0.3447997877477552,1.9908699741107072,0.738340545660362,8.88,0
New Delhi,DLF Farms,1.701367450724911,2.47878847668825,6.751265390001056,2.155071794536139,5.92,1
New Delhi,Khajuri Khas,1.1384213170107484,2.633265756528456,4.09934163474081,0.0047725198906283,7.38,1
New Delhi,Adarsh Nagar Bindapur Extension,0.4731735886372921,0.3447997877477552,1.9908699741107072,0.738340545660362,8.88,0
New Delhi,Shyam Enclave,1.0472422596476896,1.2916067218741338,6.914924402954962,1.937090125747316,6.96,1
New Delhi,Durga Vihar,0.5266679018503972,0.8223685547941711,4.168851808240334,2.229888227351227,7.81,1
New Delhi,Kondli,0.4371486496619403,0.3633159242569298,0.8610278575905448,1.668693790654756,8.8,1
New Delhi,Goyla Dairy,0.3977546278774599,1.3655275505065143,2.2940246336239385,2.1948724870665943,7.91,1
New Delhi,Wazirabad,1.099643113544656,1.718529751751585,5.701257005719156,0.9105083737906988,7.28,1
Mumbai,Ulhasnagar,0.2129818770813775,1.093495567176197,4.848979564425979,0.7694807610195554,8.31,1
Bangalore,Yelachenahalli,0.713011135899101,0.2777505205941976,1.5685003037206184,0.5206921848016317,9.0,1
New Delhi,Vasant Kunj Enclave,0.4731735886372921,0.3447997877477552,1.9908699741107072,0.738340545660362,8.88,0
Bangalore,Vijayapura Town,27.01139338147988,27.23240388489312,29.29534447680074,31.22039029482784,0.0,1
Bangalore,Bhavani Nagar,0.4158441874003372,0.442155233481452,1.3784957461108238,0.1999785959618872,9.25,1
New Delhi,Vijay Colony Vijay Nagar,0.4731735886372921,0.3447997877477552,1.9908699741107072,0.738340545660362,8.88,0
Mumbai,Shitladevi Chawl,0.2408340640442167,0.4298765532260596,1.2079963317886984,0.4911174675273269,9.22,0
Bangalore,Pillaganahalli,0.3599124015497667,0.3190461838306101,1.9421877378850636,1.980021983833783,8.6,0
Bangalore,Manjunatha Layout Munnekollal,0.3599124015497667,0.3190461838306101,1.9421877378850636,1.980021983833783,8.6,0
Bangalore,SG Palya,0.275599475936803,0.0686557192128992,0.2980341233779654,1.81366004511722,9.08,1
Bangalore,Konena Agrahara Murgesh Pallya,0.3599124015497667,0.3190461838306101,1.9421877378850636,1.980021983833783,8.6,0
New Delhi,Arjun Park,0.5594445487734686,0.7775591110996758,2.8596747789078814,0.4500161646239705,8.68,1
Mumbai,Deonar Village Road,0.0561823392444399,0.1824460006291937,1.938370530493925,0.6439591489813792,9.34,1
Bangalore,Block 2nd Koramangala,0.2475016607652283,0.3358897802173196,0.5933629964991005,1.1027572456283052,9.18,1
Bangalore,Rajarajeshwari Nagar Stage 5,0.3599124015497667,0.3190461838306101,1.9421877378850636,1.980021983833783,8.6,0
New Delhi,Sector 23B Dwarka,1.004769684912422,0.7968244126746117,2.082851241245595,0.7085293262489966,8.42,1
New Delhi,Sector 19 Rohini,0.9387692229627992,0.1974571943471447,2.0383962504984323,0.6575831421150545,8.79,1
Bangalore,Kenchenhalli,0.3599124015497667,0.3190461838306101,1.9421877378850636,1.980021983833783,8.6,0
Bangalore,Ittamadu Main Road,0.2057670856838315,0.2341567141378469,2.6280354125417884,2.7188773619746223,8.35,1
New Delhi,New Modern Shahdara,0.4731735886372921,0.3447997877477552,1.9908699741107072,0.738340545660362,8.88,0
New Delhi,Block BJ Shalimar Bagh,0.305394666203767,1.0264042257345602,1.5993668517438058,0.8101739853876495,8.76,1
Mumbai,Parshiwada,0.2408340640442167,0.4298765532260596,1.2079963317886984,0.4911174675273269,9.22,0
New Delhi,Gautam Nagar,0.517704282134539,0.2351707989212557,1.3956015793965462,0.6956541094785953,9.1,1
Bangalore,Borewell Road,0.3568097474149679,0.1691515898657988,0.3818967798727841,1.8991389408746904,8.93,1
New Delhi,Jaunapur,0.4731735886372921,0.3447997877477552,1.9908699741107072,0.738340545660362,8.88,0
New Delhi,Vivek Vihar Phase 1,0.2645882667534139,0.2813603791249911,1.6492763960783103,0.7290572565905253,9.18,1
Bangalore,Nyanapanahalli,0.3599124015497667,0.3190461838306101,1.9421877378850636,1.980021983833783,8.6,0
Bangalore,Elus Road,0.3599124015497667,0.3190461838306101,1.9421877378850636,1.980021983833783,8.6,0
Mumbai,Andheri,0.1527819487403915,0.1252243213354458,2.053548182743544,0.0,9.54,1
New Delhi,Rani Bagh Pitam Pura,0.4731735886372921,0.3447997877477552,1.9908699741107072,0.738340545660362,8.88,0
New Delhi,Nilothi Village,0.64186660921311,0.4868352270292785,2.3814375940517,2.8442606631996936,7.95,1
Mumbai,Kannamwar Nagar 1,0.1462211904634137,0.4311217821721264,1.4874941375713968,1.4038883528647332,8.95,1
Mumbai,Navghar Mulund East,0.0343885406672039,0.2835777775750262,1.5496843930514308,0.4090917828203403,9.45,1
Bangalore,jakkur Plantation,1.2764185866558095,0.2945573753704525,1.2457255652619506,2.485548443872729,7.97,1
New Delhi,Masoodpur,0.8542089484718541,0.22247508775468,1.6213118267465816,3.022578352545024,8.0,1
Mumbai,Sector 1 Charkop,0.2735289624232054,0.2949042867687144,1.4454923060826352,1.2013016584341196,9.02,1
Mumbai,Best Colony Chembur East,0.2408340640442167,0.4298765532260596,1.2079963317886984,0.4911174675273269,9.22,0
Bangalore,Rayasandra,1.6822625416907242,0.3046441256419493,2.3655207081295355,2.31887849495391,7.61,1
Bangalore,Parappana Agrahara,1.1478505006372943,0.2221104082964258,1.912459966757726,1.7931690190923084,8.24,1
Mumbai,Sambhaji Nagar Mulund West,0.2408340640442167,0.4298765532260596,1.2079963317886984,0.4911174675273269,9.22,0
New Delhi,Mayur Vihar Phase 1 Extension,0.5398696304578029,0.4857592715716511,2.25102687897259,1.1945993497142444,8.65,1
Mumbai,Kirol Village,0.5541692628424454,0.1929512106786989,0.9526498291176904,0.2335701645294031,9.34,1
New Delhi,Shalimar Bagh AH Block,0.4731735886372921,0.3447997877477552,1.9908699741107072,0.738340545660362,8.88,0
Bangalore,Junnasandra,0.6526597288456528,1.0151093091985164,2.37236209171594,2.421397845821578,7.84,1
Bangalore,Byrappa Layout RMV 2nd Stage,0.3599124015497667,0.3190461838306101,1.9421877378850636,1.980021983833783,8.6,0
Bangalore,Kalappa Layout,0.3599124015497667,0.3190461838306101,1.9421877378850636,1.980021983833783,8.6,0
New Delhi,Mansa Ram Park,0.2892135302428149,0.4525956771076848,1.7877783982898807,0.3984078370911586,9.18,1
New Delhi,Ghazipur,1.1254458793647708,0.58629153920735,3.332615996178722,0.954587791279374,8.17,1
Mumbai,Matunga East,0.092934505243537,0.0866511792763545,1.1231806917687928,0.2483619599060591,9.64,1
Mumbai,Best Colony Parel,0.2408340640442167,0.4298765532260596,1.2079963317886984,0.4911174675273269,9.22,0
Mumbai,Fish Market Area,0.2408340640442167,0.4298765532260596,1.2079963317886984,0.4911174675273269,9.22,0
Bangalore,Seegehalli Kannamangala Road,2.362810276855749,2.1491449228525603,4.89392909068341,3.0315034504321803,5.64,1
New Delhi,Jangpura A,0.5124103058567141,0.2831752288599909,4.214043386335157,0.7419924598967758,8.64,1
Mumbai,Mahim United Industrial Estate,0.2408340640442167,0.4298765532260596,1.2079963317886984,0.4911174675273269,9.22,0
New Delhi,Vinoba Puri,0.4731735886372921,0.3447997877477552,1.9908699741107072,0.738340545660362,8.88,0
Mumbai,Azad Nagar Andheri West,0.4416395208930475,0.5896045749483768,1.0092473572725602,0.2957028169979323,9.18,1
Bangalore,Budigere Road,5.184014801582478,4.535492001894028,7.6217411490674305,6.885545007339917,1.01,1
Bangalore,Stage 1st Kumaraswamy Layout,0.1831604826773391,0.3785186308819421,2.106960500145914,1.016231667095158,9.0,1
Mumbai,Janki Kutir,0.4681989967417876,0.1385418503208686,2.5658912354250427,2.066185832337848,8.49,1
Bangalore,Kodipalya,1.1614913510364278,0.1492171457246591,2.971974930373753,1.414597580275872,8.25,1
Bangalore,Laxmi Sagar Layout,0.3599124015497667,0.3190461838306101,1.9421877378850636,1.980021983833783,8.6,0
New Delhi,Patel Garden,0.0350484075169625,0.5049976237973159,1.7952622642985805,0.3288032414884474,9.33,1
Mumbai,Adarsh Nagar Jogeshwari West,0.2328409031424839,0.3980013433427253,0.0893329125229765,0.0462842728649032,9.63,1
Bangalore,Vimanapura,0.2951686089626759,0.2167612346539248,0.8534154979413523,3.239902349623168,8.37,1
Bangalore,AnjanaPura,2.262628599805919,0.9446401256641974,2.8462140376175458,2.1108548625234747,6.95,1
New Delhi,Phase 5 Aya Nagar,5.309719593091808,0.679582796345297,4.772969590417365,0.8433422152969162,5.63,1
Mumbai,Vile Parle,0.2473308838690187,0.5270661793695556,3.655443436570943,0.0,9.04,1
Bangalore,Devasthanagalu,0.3599124015497667,0.3190461838306101,1.9421877378850636,1.980021983833783,8.6,0
Bangalore,Jivanahalli,0.3599124015497667,0.3190461838306101,1.9421877378850636,1.980021983833783,8.6,0
Mumbai,Rajiv Gandhi Nagar Bhandup West,0.1822136903904136,0.181102278579003,0.4360618937573365,1.5411255480005326,9.16,1
Mumbai,Barve Nagar,0.1366769590593535,0.8767484139156335,1.526305028070756,0.3570820699172892,9.12,1
New Delhi,Block A Mohan Garden,1.2121646577290734,0.1362758669872034,3.5729235441724616,1.5935565881845122,8.07,1
New Delhi,Sarai Rohilla,0.8091286670889117,1.1362433078590697,1.6193581332418847,0.0,8.7,1
Bangalore,Manyata Tech Park Road,0.8892713292978123,0.6154731480052331,2.9133352852795715,3.802893692930483,7.3,1
Bangalore,AK Colony Domlur,0.3594421560085494,0.2071492546640634,1.574929854969739,2.1028021965848107,8.66,1
Mumbai,Bolinj,0.9362023900196088,0.8251656365657442,2.884153161780502,2.196539136929985,7.77,1
Bangalore,Mathikere Extension,0.3599124015497667,0.3190461838306101,1.9421877378850636,1.980021983833783,8.6,0
Bangalore,Peace layout,0.4322043592641614,0.1326470859768796,1.3220468990453669,1.7950050952403325,8.8,1
New Delhi,Shiv Park Kakrola,0.4731735886372921,0.3447997877477552,1.9908699741107072,0.738340545660362,8.88,0
New Delhi,Chhattarpur Enclave Phase 1,0.1533932340318152,0.3275579977165158,4.402779805723291,1.0846039597164174,8.68,1
New Delhi,Sadhna Enclave,0.3188196459779402,0.1783058546307695,1.2842164860228351,0.6227885100334967,9.29,1
Bangalore,Sultanpalya,0.0180181207929753,0.0392621839151911,2.7451141738441294,2.610505066810353,8.58,1
New Delhi,Sector 20 Rohini,0.4295066092669108,0.1491965383571217,1.4837017869579323,1.6757269592369028,8.82,1
Bangalore,Gubbalala,0.6321014468007866,0.339025925357964,1.1896902396262008,0.9730559394879884,8.91,1
New Delhi,Block ND Dakshini Pitampura,0.4731735886372921,0.3447997877477552,1.9908699741107072,0.738340545660362,8.88,0
Mumbai,Gorai 2,0.3132958795967835,0.0495748652070738,1.4752936627665858,1.6097127378061022,8.96,1
Bangalore,Dollar Scheme,0.1080477443641814,0.2745702860707397,0.4867108857884322,0.629968871419005,9.49,1
Bangalore,Kalidasa Layout,0.5307169219030878,0.8280398613909177,1.1263419861494224,1.7564085672655794,8.44,1
New Delhi,Vikaspuri Block D,0.4778993097401432,0.0949971145341146,1.1914788635676148,1.0511564066327364,9.09,1
Mumbai,Chedda Nagar,0.0967030280768389,0.334679684257401,1.330817622978805,0.7571588532159589,9.29,1
Bangalore,Varanasi,1.260649063156744,0.1993653628939792,2.588361578541514,3.2621084452239133,7.53,1
Bangalore,Naidu Layout Electronic City,0.3599124015497667,0.3190461838306101,1.9421877378850636,1.980021983833783,8.6,0
Mumbai,Sunder Nagar Malad West,0.2408340640442167,0.4298765532260596,1.2079963317886984,0.4911174675273269,9.22,0
Mumbai,Lalbaug Sion,0.2408340640442167,0.4298765532260596,1.2079963317886984,0.4911174675273269,9.22,0
Bangalore,Jayanagar Housing Society Layout,0.3599124015497667,0.3190461838306101,1.9421877378850636,1.980021983833783,8.6,0
Mumbai,Nehru Nagar Airport Area,0.2408340640442167,0.4298765532260596,1.2079963317886984,0.4911174675273269,9.22,0
New Delhi,Jagriti Enclave,0.3986209777315685,0.598095077341117,1.0948611986450352,0.364491695495418,9.16,1
Bangalore,Sindhi Colony,0.355268480952902,0.2454416006009779,1.4742061914802864,0.7491502937410127,9.16,1
Bangalore,Bidarahalli,4.496227826820188,3.789209763730332,6.693520821633576,7.6515122349439,1.53,1
Mumbai,Bhoiwada - Parel,0.1310626970417105,0.2023722069328145,1.718871997275312,0.4349177262487909,9.4,1
Bangalore,Balaji Layout Cooke Town,0.420077638162722,0.2138934802354239,1.0050042469329863,0.5498436192717265,9.28,1
Bangalore,Doddanekundi Main Road,0.0588630562632368,0.5929850277878672,1.7150193232425757,1.8816035769426616,8.71,1
Mumbai,Old Ferry Road,0.2408340640442167,0.4298765532260596,1.2079963317886984,0.4911174675273269,9.22,0
Bangalore,Dasarahalli,0.4965390781877548,0.2752051626201064,4.150191252658427,0.6624346220095402,8.69,1
Bangalore,MS Ramaiah City Layout,0.231564736173685,0.6742060842423215,0.6641677034021386,1.5203736127659258,8.85,1
Bangalore,Attur Layout,0.1692414785501194,0.4823221079572483,1.7263569081424015,2.6568188503027748,8.4,1
New Delhi,Mall Road,0.1444867383722571,0.3912248225578414,4.515018555317468,0.3451839906621009,8.91,1
New Delhi,Sector 21 Rohini,0.4199917115744999,0.1382224697082731,1.4738024176017923,1.66927161201693,8.83,1
Mumbai,Kharodi,0.227268579210299,0.5923635274806124,1.6355319366074688,1.4788239903026323,8.77,1
Bangalore,Sector 4 HSR Layout,0.1744537015775013,0.2254211895100409,2.466843965024545,1.720231876758797,8.77,1
Bangalore,Sri Sai Layout,0.4225087183001277,0.3342362942163803,2.184680075042018,3.6651049765380113,7.88,1
Bangalore,Someshwara Layout,1.590607462141156,0.7615988322985413,3.212748435456259,1.3704427973468412,7.67,1
Bangalore,Bikasipura,0.3599124015497667,0.3190461838306101,1.9421877378850636,1.980021983833783,8.6,0
Bangalore,GM Palya,0.3899039834712098,0.4375769799015956,2.044201496738015,2.2706975322160914,8.39,1
Mumbai,Churchgate,0.4454773298401197,0.1014101907518908,0.711973153894268,0.0,9.58,1
New Delhi,Nirman Vihar,0.180477930978917,0.2670375392811658,0.0840172171798684,0.0,9.75,1
New Delhi,Dayanand Colony,0.3140852763648603,0.4853591519984583,1.870780286617732,0.4401203286245003,9.12,1
Bangalore,Vigneshwara Layout Hoysala Nagar,0.3599124015497667,0.3190461838306101,1.9421877378850636,1.980021983833783,8.6,0
New Delhi,Giri Nagar,0.1480183581053253,0.357076912552103,2.9631488992288317,0.4910236776493542,9.1,1
Bangalore,Bhavani Nagar Shakti Farm,0.3599124015497667,0.3190461838306101,1.9421877378850636,1.980021983833783,8.6,0
New Delhi,Banarsi Das Estate,0.4731735886372921,0.3447997877477552,1.9908699741107072,0.738340545660362,8.88,0
New Delhi,Mithapur Extension,0.4731735886372921,0.3447997877477552,1.9908699741107072,0.738340545660362,8.88,0
New Delhi,Daryaganj,0.0987471269905953,0.1435923265198238,1.7652960343454709,0.6817577696911217,9.35,1
Bangalore,HMT Layout Vidyaranyapura,0.2611170686368242,0.1252467703044194,3.3179874753209124,4.465907768981222,7.61,1
Bangalore,CQAL Layout,0.6828783187909306,0.416728096046086,1.1129289010189556,2.367190981297732,8.33,1
New Delhi,Indra Enclave,1.1363874502217164,0.8067280490086607,3.841080150187626,1.213863198407379,7.88,1
New Delhi,Munirka Enclave,0.4731735886372921,0.3447997877477552,1.9908699741107072,0.738340545660362,8.88,0
Mumbai,Bhayandar West,0.0917812270016724,0.4997578186875581,1.4324071481531904,0.9246025311142504,9.13,1
Mumbai,Yogi Nagar,0.1652115032525403,0.3900684133476564,1.4305787665130505,0.4688489480774391,9.32,1
New Delhi,Baprola,1.39471926556606,1.882952025794106,4.664345996213537,2.577876229588335,6.56,1
New Delhi,Raghu Nagar,0.1527917079786058,0.2260787117896275,2.279453585944757,0.6396683076110874,9.21,1
Bangalore,ManganaHalli,0.9785937621046186,0.9963967843132592,5.8171350223374585,4.660125654714784,6.29,1
Bangalore,Neelasandra,0.0360936249724935,0.1998103284203775,1.3642463757443857,2.303021114905191,8.81,1
Bangalore,Channasandra Main Road,1.4394271606852918,0.4741712126707978,1.9428779881124103,0.9318360945461488,8.26,1
Bangalore,Maruthi Nagar Dasarahalli,0.3599124015497667,0.3190461838306101,1.9421877378850636,1.980021983833783,8.6,0
Bangalore,Kundalahalli Colony,0.6999416163701746,0.0535557374151234,0.8499885006518731,0.8846328592408066,9.09,1
Bangalore,Srirampuram,0.3599124015497667,0.3190461838306101,1.9421877378850636,1.980021983833783,8.6,0
Mumbai,Battipada,0.2408340640442167,0.4298765532260596,1.2079963317886984,0.4911174675273269,9.22,0
New Delhi,Jonapur,4.613989796565381,1.8881667530904944,7.0033692103713125,3.212831613203621,4.03,1
Mumbai,Kokanipada,0.6688002859171798,0.4298688841618762,1.226309647892342,1.1121665010337936,8.78,1
New Delhi,Amar Colony,0.3594674994311765,0.1801583059596849,1.5711763431963406,0.7000956530565112,9.2,1
Mumbai,Riddhi Gardens,0.0756473011701112,0.6586024112908925,1.3262318943256368,1.472205031306413,8.87,1
Bangalore,Virgonagar Industrial Estate,0.3599124015497667,0.3190461838306101,1.9421877378850636,1.980021983833783,8.6,0
Mumbai,Shivaji Nagar - Aarey Milk Colony,0.2408340640442167,0.4298765532260596,1.2079963317886984,0.4911174675273269,9.22,0
New Delhi,Kailashpuri,0.4731735886372921,0.3447997877477552,1.9908699741107072,0.738340545660362,8.88,0
Bangalore,Lavelle Road,0.6121131758549142,0.4089607586237964,0.2776061202292644,0.9536179662031384,9.03,1
Mumbai,Gandhi Nagar Bandra East,0.264713069631621,0.0314204406259428,0.9118279001943728,0.5285965921091271,9.49,1
Mumbai,Muranjan Wadi,0.2408340640442167,0.4298765532260596,1.2079963317886984,0.4911174675273269,9.22,0
Bangalore,Victoria Layout,0.1318498083357407,0.232562557502699,0.696229961455271,0.8714504515637743,9.37,1
Mumbai,Charni Road,0.0754149187774164,0.1377393801132122,1.6507621583753045,0.0,9.64,1
New Delhi,Sector 15 Rohini,0.7440202853419565,0.6181527131737414,0.6550998995159883,0.6812235769023635,8.89,1
Bangalore,Jayamahal Main Road,0.4512170286777419,0.2794481860191687,1.4976555145475752,0.6820373109488772,9.11,1
Mumbai,LIC Colony Borivali West,0.2408340640442167,0.4298765532260596,1.2079963317886984,0.4911174675273269,9.22,0
New Delhi,Block WZ Uttam Nagar,0.4731735886372921,0.3447997877477552,1.9908699741107072,0.738340545660362,8.88,0
Mumbai,Madh,1.855752243067721,2.2524710136923627,3.90591434709435,3.2020846103204685,5.97,1
New Delhi,Uday Park,0.9250825856897849,0.506294304172443,1.778844805662026,0.9246942769469736,8.58,1
Bangalore,Mathikere,0.0879558662418795,0.2336351264873994,1.4091978439092137,1.2435750091453348,9.15,1
Bangalore,Sector 11 New Thippasandra,0.7189244051194759,0.6127117746945292,1.8753028533415916,1.8672300923392957,8.28,1
Mumbai,Navagaon,0.1757622644238878,0.87027873673047,2.705666639459211,0.2038196717113015,8.98,1
Bangalore,Chikkajala,5.204123153770433,4.748639864270476,9.37329922740092,8.549963242296037,0.22,1
New Delhi,Bhagat Vihar,0.4107790675674689,1.063078888843088,2.153422795832568,0.574358020892337,8.68,1
Bangalore,Maruti Nagar,0.1125682172216655,0.6309743035338923,0.2329877155661852,0.5687005076598446,9.37,1
Mumbai,Godrej Colony,0.548862183895585,0.6474017150174799,1.870361252363949,0.8587947935372604,8.74,1
New Delhi,Sheikh Sarai Phase 2,0.3097285893927878,0.1735140137940907,0.8904040438593358,0.5637781643421981,9.38,1
Mumbai,Padmavati Nagar Bhayandar West,0.2408340640442167,0.4298765532260596,1.2079963317886984,0.4911174675273269,9.22,0
Bangalore,Laggere,0.2320441244179841,0.6776273305632295,3.39951179554158,2.8093056443580364,7.96,1
Bangalore,Adarsh Palm Retreat,1.3509183524771164,0.4263309899342468,1.9007142034106923,2.0701371830173594,7.91,1
Mumbai,Kanchpada,0.2408340640442167,0.4298765532260596,1.2079963317886984,0.4911174675273269,9.22,0
Mumbai,Worli Sea Face,0.4449987987445042,0.0540496070659401,1.8348562708441143,0.4333784140583804,9.27,1
Bangalore,AMS Layout,0.55422204059194,0.1763617354208745,2.947453984951073,4.087862578071473,7.6,1
Bangalore,Anantapura,0.9125947277536728,0.8897521837215621,2.598406781943335,2.820344183298743,7.56,1
New Delhi,Sheikh Sarai Phase 1,0.1955872623386767,0.3103147323153217,0.8657281818287451,0.6193801013843242,9.37,1
Bangalore,Pulkeshi Nagar,0.3599124015497667,0.3190461838306101,1.9421877378850636,1.980021983833783,8.6,0
Bangalore,Lavakusha Nagar,0.3599124015497667,0.3190461838306101,1.9421877378850636,1.980021983833783,8.6,0
New Delhi,Chanakya Place,0.2811312073522522,0.6219996308988813,1.5290415258187575,0.6616687660007452,9.04,1
Bangalore,Gruha Lakshmi Layout,0.3599124015497667,0.3190461838306101,1.9421877378850636,1.980021983833783,8.6,0
Mumbai,Nityanand Nagar Ghatkopar West,0.1770702392057226,1.022498183425455,0.6625348219419667,1.0484265283661178,8.89,1
Mumbai,Brhmanwada,0.3723921260592275,0.0766870084289637,1.6189331294330835,0.3330481595034796,9.37,1
New Delhi,Shubham Enclave,0.6693618272588775,0.3438337852500009,3.016187986604556,1.3662190548175874,8.46,1
Bangalore,Chikku Lakshmaiah Layout,0.3170022770071459,0.2839519365245815,0.0393107450853571,2.0896315149330857,8.88,1
Bangalore,Gopasandra Sarjapura Road,0.3599124015497667,0.3190461838306101,1.9421877378850636,1.980021983833783,8.6,0
New Delhi,Freedom Fighter Colony,0.4731735886372921,0.3447997877477552,1.9908699741107072,0.738340545660362,8.88,0
Bangalore,F Block Sahakar Nagar,0.3599124015497667,0.3190461838306101,1.9421877378850636,1.980021983833783,8.6,0
Mumbai,Tivri,0.2408340640442167,0.4298765532260596,1.2079963317886984,0.4911174675273269,9.22,0
Bangalore,Bellandur Lake Road,1.4046577541781382,0.3550546433829831,2.044559773382682,4.922103860916642,6.83,1
Mumbai,Vardhman Nagar,0.3479226078792304,0.2523536074409604,0.5614210905697797,1.1310208113631672,9.16,1
New Delhi,Hemkunt Colony,0.4731735886372921,0.3447997877477552,1.9908699741107072,0.738340545660362,8.88,0
New Delhi,Bk Dutt Colony,0.5112810784087151,0.4566480634702909,2.524140724891459,0.3767208009312977,8.95,1
New Delhi,Sanjay Colony Narela,0.4731735886372921,0.3447997877477552,1.9908699741107072,0.738340545660362,8.88,0
New Delhi,Vishnu Garden,0.7100271188894682,0.6269888780428676,1.2671310655646637,1.4221864895145295,8.54,1
New Delhi,Harsh Vihar Pitampura,0.4731735886372921,0.3447997877477552,1.9908699741107072,0.738340545660362,8.88,0
Bangalore,Chikkabidarakallu,0.5360916307939098,1.5422498226575154,7.276329043076716,0.7511731956219448,7.53,1
Bangalore,Hosakerehalli,0.4229363110378034,0.3330037820136957,1.7658917008187118,1.8658604399394825,8.62,1
Mumbai,Tilak Nagar Sewri,0.2408340640442167,0.4298765532260596,1.2079963317886984,0.4911174675273269,9.22,0
New Delhi,Hauz Rani,0.1724921321424602,0.1646875021070284,0.5907910790850586,0.6775745076320442,9.47,1
Bangalore,Somasundarapalya,0.7440557659358975,0.1008047233153647,0.6945086227762887,1.7827550908466872,8.73,1
New Delhi,Vishwas Park,0.0564146217870406,0.3021437477380349,0.8437471720958041,1.768009590482622,9.03,1
Bangalore,Cunningham Road,0.1403184335771441,0.2960794484078692,0.7280177641832694,0.2687671657553865,9.56,1
Mumbai,Best Nagar - Goregaon West,0.45698612780747,0.7955900563569964,0.8274381547149632,0.6550180396202809,8.96,1
Bangalore,Tulasi Layout,0.2806558451723107,0.1677217117881022,0.1288704741043979,0.3143420545582764,9.61,1
Mumbai,MBH Colony,0.2408340640442167,0.4298765532260596,1.2079963317886984,0.4911174675273269,9.22,0
Mumbai,Raheja Township,0.2408340640442167,0.4298765532260596,1.2079963317886984,0.4911174675273269,9.22,0
New Delhi,Roshanpura,0.3708706958316239,0.4563296155294264,4.364880325536149,1.2251833815309123,8.44,1
Bangalore,Deepanjali Nagar,0.7304574691081359,0.6118214623832932,1.836675997929901,0.0032498345206677,8.98,1
New Delhi,Masjid Moth,0.9237666330125416,0.3733880085598115,0.95007371559148,0.3127502404962426,9.0,1
Mumbai,Agripada,0.11617619580405,0.1977211111289941,1.9865677906035288,0.4935963110665462,9.35,1
Mumbai,Charkop,0.2735289624232054,0.2949042867687144,1.4454923060826352,1.2013016584341196,9.02,1
Mumbai,Model Town Andheri West,0.2408340640442167,0.4298765532260596,1.2079963317886984,0.4911174675273269,9.22,0
Mumbai,Jawahar Nagar,0.2628955039637687,0.3213526705698625,0.2585894360310477,0.5067265978790347,9.45,1
Bangalore,Anjana Nagar,0.1089754526879947,0.1334519270856637,2.823379886040689,2.661706461277457,8.45,1
New Delhi,Mahindra Park,0.3205997997079877,0.700332154154644,1.264195841237695,0.9697804447728344,8.9,1
Mumbai,Kandivali,0.1129567733198778,0.6456513231299782,0.8863041933317808,0.0,9.48,1
Bangalore,Hutchins Road,0.3564062015024309,0.4009765893181623,1.21132044035735,0.3342964709238957,9.28,1
New Delhi,Block B Surajmal Vihar,0.3146872432319892,0.4456581871286008,0.6673896886088573,1.366925088127332,8.98,1
Bangalore,A Narayanapura,0.5528852930891096,0.6076276074754566,1.5528529191491576,0.43981158572992,8.97,1
Mumbai,Vikhroli Village,0.3018284783841277,0.3866776512377783,1.637452103870077,0.8605789405325405,9.06,1
New Delhi,Budh Vihar,0.3789240919104293,0.1474160740758486,1.627493816228707,0.7451101559418493,9.18,1
New Delhi,Aya Nagar Phase 1,5.309719593091808,0.679582796345297,4.772969590417365,0.8433422152969162,5.63,1
New Delhi,Bhola Nath Nagar,0.6480674244360805,0.1619795791384642,0.3101626335442142,0.4800626191016877,9.3,1
Bangalore,Balaji Layout,0.904722562112818,0.249175007811971,1.5430233314895152,1.7712315655146758,8.44,1
Bangalore,Basapura Main Road,0.3599124015497667,0.3190461838306101,1.9421877378850636,1.980021983833783,8.6,0
New Delhi,Kiran Vihar,0.5919786183446772,0.4270855615876997,0.2798842513749294,0.5096790175593887,9.2,1
New Delhi,Ashok Niketan,0.4731735886372921,0.3447997877477552,1.9908699741107072,0.738340545660362,8.88,0
Bangalore,Rajaji Nagar Industrial Town,0.3599124015497667,0.3190461838306101,1.9421877378850636,1.980021983833783,8.6,0
Bangalore,Vittal Mallya Road,0.4771788509762194,0.2323921320019862,0.2283889184323832,0.7773416104814923,9.27,1
Mumbai,Kanakiya,0.5061017807608444,0.5916297357923936,0.6280807368305835,1.0617727023013042,8.91,1
Bangalore,Ramchandrapura,0.3599124015497667,0.3190461838306101,1.9421877378850636,1.980021983833783,8.6,0
New Delhi,Mohit Nagar,0.8684592418905128,0.4207293273063568,0.9654731046239264,1.0586395510158666,8.73,1
Bangalore,Subbaiahnapalya,0.3599124015497667,0.3190461838306101,1.9421877378850636,1.980021983833783,8.6,0
New Delhi,Anand Vihar Nangli Sakrawati,0.4731735886372921,0.3447997877477552,1.9908699741107072,0.738340545660362,8.88,0
New Delhi,Garhi,0.5415958529117855,0.7265619363321696,2.9046975384131906,0.0,8.88,1
Bangalore,Anand Nagar- Hebbal,0.2440640089046417,0.8632491622297258,1.6885509993982086,0.9292673712746112,8.82,1
Bangalore,Mylappanahalli,4.724824713232064,3.692470562064542,6.968265826848352,7.187216892969209,1.58,1
New Delhi,Vivek Vihar,0.2645882667534139,0.2813603791249911,1.6492763960783103,0.7290572565905253,9.18,1
New Delhi,Paschim Vihar Block A3,0.7092497243627176,0.3456618940114329,3.183123203758578,1.1745952001516144,8.48,1
New Delhi,Shreshtha Vihar,0.4731735886372921,0.3447997877477552,1.9908699741107072,0.738340545660362,8.88,0
Mumbai,Eksar Road,0.0771569121275509,0.1758796985142898,0.9128225083060852,0.6338202192239912,9.49,1
Bangalore,Thubarahalli,0.0986787921994732,0.0748035531324632,0.6636726813074428,2.4605967346423467,8.88,1
Mumbai,Shantivan,0.177681062741,0.6805626018367724,0.4316888832494726,0.1632800068795734,9.43,1
Bangalore,Ambalipura,0.2249787863415931,0.3436218343955786,1.3292814482058903,4.190113350673856,7.92,1
Mumbai,Ambewadi Malad East,0.1318329210061514,0.4237520076242722,0.3634975830066794,0.107290708389177,9.61,1
New Delhi,Khichripur,0.4187208822559701,0.0788914602409065,1.6824665967954089,1.0619643615065166,9.06,1
New Delhi,Old Nangal,0.4731735886372921,0.3447997877477552,1.9908699741107072,0.738340545660362,8.88,0
Mumbai,Evershine Nagar,0.141712365222417,0.4752907351552374,2.546090547960994,1.01424250299793,8.92,1
Bangalore,HBR Layout Block 2,0.3002675093481282,0.3010860868100612,3.472670805884727,2.908457587738358,8.06,1
Bangalore,Sector 1 HSR Layout,0.2331123100698473,0.2896779156309519,1.947433574969606,2.415950222666245,8.52,1
New Delhi,Jagat Puri Krishna Nagar,0.4731735886372921,0.3447997877477552,1.9908699741107072,0.738340545660362,8.88,0
New Delhi,Mukherjee Nagar Burari,0.4731735886372921,0.3447997877477552,1.9908699741107072,0.738340545660362,8.88,0
Mumbai,Hatkesh Udhog Nagar,0.2408340640442167,0.4298765532260596,1.2079963317886984,0.4911174675273269,9.22,0
New Delhi,Sadh Nagar,0.3465738511225269,0.2480349993594233,4.455106569811167,0.1472750035681483,8.94,1
Bangalore,Nanjappa Layout Adugodi,0.3599124015497667,0.3190461838306101,1.9421877378850636,1.980021983833783,8.6,0
New Delhi,Guru Arjun Nagar,0.5638569193974106,0.5508856365191326,1.6582967722692088,0.2917956206705561,9.03,1
New Delhi,Jahangirpuri,0.5051942582516653,0.3819053440418494,1.6382156340971263,0.0,9.26,1
Bangalore,AECS Layout-Singasandra,0.1599472605140628,0.3507370829307766,1.5578614130426425,0.6155530276376895,9.26,1
Mumbai,Central Ordanance Depot,0.4552326515803634,0.4350572149856722,0.5538859030917856,0.8817482461048765,9.1,1
New Delhi,Pocket 10 Sector B Vasant Kunj,0.4731735886372921,0.3447997877477552,1.9908699741107072,0.738340545660362,8.88,0
Bangalore,Holiday Village Road,2.315160149317425,0.3208098283509841,3.2994276052110147,1.3908376801502331,7.43,1
New Delhi,Shyam Nagar Okhla,0.4731735886372921,0.3447997877477552,1.9908699741107072,0.738340545660362,8.88,0
New Delhi,Yadav Park Extension,0.4731735886372921,0.3447997877477552,1.9908699741107072,0.738340545660362,8.88,0
Bangalore,Trinity Church Road,0.4144797580538041,0.3062043038272514,0.1806545653707688,0.2817786746140798,9.47,1
Mumbai,Masjid Bandar,0.1991046592534724,0.4083605661795079,0.7236306299285471,0.1627951069299311,9.51,1
Mumbai,Saint Thomas Church Road,0.2131860305757413,0.3198001728491078,2.347615909826299,0.6505705185985899,9.12,1
Mumbai,Green Hills,0.2408340640442167,0.4298765532260596,1.2079963317886984,0.4911174675273269,9.22,0
Bangalore,Kadabagere,0.1353692860602347,0.0442939382046052,6.975209210580712,6.488059865018723,6.42,1
Mumbai,Yamuna Nagar Andheri West,0.2408340640442167,0.4298765532260596,1.2079963317886984,0.4911174675273269,9.22,0
New Delhi,Sector 16B Dwarka,0.753949529247171,0.3454589995880099,0.9281182683805976,0.5563010909087697,9.03,1
Mumbai,Kalachowki,0.149682300144823,0.0977950263090779,1.9411762420810317,0.3018629316558054,9.46,1
Bangalore,Phase 3 Reliable Residency Layout,0.3599124015497667,0.3190461838306101,1.9421877378850636,1.980021983833783,8.6,0
Bangalore,Pragathi Nagar,0.0,0.9239351955206124,0.9200878959378022,0.3687215395390932,9.26,1
New Delhi,Swasthya Vihar,0.2762493867551282,0.1627565794984924,0.4229973559175335,0.4763879193386208,9.51,1
New Delhi,Chhawla,2.629449063791786,0.4717526234044818,4.927520356213201,4.258255226372131,5.85,1
New Delhi,Dabri Extension,0.4731735886372921,0.3447997877477552,1.9908699741107072,0.738340545660362,8.88,0
New Delhi,Samaspur Village,0.4921027223265119,0.0826783753630919,2.607369108340448,0.6940164285859542,9.01,1
Bangalore,Anjanapura Township,2.5105764961291666,0.2104786018031252,3.660917449152805,0.0352683966411715,7.83,1
New Delhi,Qutub Vihar Phase 2,0.4792460168316661,1.511149143929893,2.544974809930137,2.3284651004709267,7.7,1
Bangalore,Govindpura,0.3599124015497667,0.3190461838306101,1.9421877378850636,1.980021983833783,8.6,0
